"Title","Media URL","Pinterest board","Thumbnail","Description","Link","Publish date","Keywords"
"Amazon Echo Dot (5th Gen) Smart Speaker with Alexa","/images/mirrored/product_1_img1_6a3b0eda.jpg","Smart Home","/images/mirrored/product_1_img1_6a3b0eda.jpg","The Echo Dot 5th Gen sits at the entry tier of Amazon's own speaker lineup, below the Echo (4th Gen) full-size unit and well below the Echo Studio's 5-driver array. $49.99. Tap for full review and where to buy. #gadgetstyle #techfinds #coolgadgets #smarthome #homeautomation #smarthometech #smartspeaker #alexa #voicecontrol","https://www.gadgetstyle.com.au/product/amazon-echo-dot-5th-gen-smart-speaker-with-alexa","","gadgetstyle techfinds coolgadgets smarthome homeautomation smarthometech smartspeaker alexa voicecontrol"
"Google Nest Hub (2nd Gen) Smart Display","/images/mirrored/oIyghMZeJnUUatGr.webp","Smart Home","/images/mirrored/oIyghMZeJnUUatGr.webp","The 7-inch smart display category is split between Amazon's Echo Show 8 and Google's own Nest lineup, and the second-generation Nest Hub lands at the smaller, more accessible end of that spectrum — below the Nest Hub Max's 10-inch footprint and camera. $107.99. Tap for full review and where to buy. #gadgetstyle #techfinds #coolgadgets #smarthome #homeautomation #smarthometech #smartdisplay #googleassistant #sleeptracking","https://www.gadgetstyle.com.au/product/google-nest-hub-2nd-gen-smart-display","","gadgetstyle techfinds coolgadgets smarthome homeautomation smarthometech smartdisplay googleassistant sleeptracking"
"Ring Video Doorbell 4 with Enhanced Wi-Fi","/images/mirrored/product_3_img1_38fb55bf.jpg","Smart Home","/images/mirrored/product_3_img1_38fb55bf.jpg","Battery-powered video doorbells occupy a crowded middle tier between wired hardwired units and cheap Wi-Fi cameras, and the fourth-generation Ring sits squarely in the mainstream of that category — not the flagship (that's the Ring Video Doorbell Pro 2 with its 1536p head-to-toe frame and radar-based package detection), but a genuine step above entry-level. $219.99. Tap for full review and where to buy. #gadgetstyle #techfinds #coolgadgets #smarthome #homeautomation #smarthometech #videodoorbell #security #smarthome","https://www.gadgetstyle.com.au/product/ring-video-doorbell-4-with-enhanced-wi-fi","","gadgetstyle techfinds coolgadgets smarthome homeautomation smarthometech videodoorbell security smarthome"
"iRobot Roomba j7+ Self-Emptying Robot Vacuum","/images/mirrored/IQBWgAzlzjllooTf.jpg","Smart Home","/images/mirrored/IQBWgAzlzjllooTf.jpg","The j7+ sits at the upper tier of the consumer robot vacuum market — call it the $700–900 bracket where Roborock's S7 MaxV Ultra and Ecovacs' DEEBOT X1 OMNI set the reference points. $799.99. Tap for full review and where to buy. #gadgetstyle #techfinds #coolgadgets #smarthome #homeautomation #smarthometech #robotvacuum #selfemptying #smartnavigation","https://www.gadgetstyle.com.au/product/irobot-roomba-j7-self-emptying-robot-vacuum","","gadgetstyle techfinds coolgadgets smarthome homeautomation smarthometech robotvacuum selfemptying smartnavigation"
"Philips Hue White and Color Ambiance Starter Kit","/images/mirrored/Philips-Hue-Ambiance-Starter-Kit-01.jpg","Smart Home","/images/mirrored/Philips-Hue-Ambiance-Starter-Kit-01.jpg","The Hue White and Color Ambiance line sits at the top of the consumer smart lighting pyramid — above Wyze and Govee's Wi-Fi direct bulbs, above LIFX's bridgeless setup, and competing most directly with Nanoleaf Essentials and the IKEA Dirigera ecosystem on price-to-feature ratio. $109.99. Tap for full review and where to buy. #gadgetstyle #techfinds #coolgadgets #smarthome #homeautomation #smarthometech #smartlighting #colorled #philipshue","https://www.gadgetstyle.com.au/product/philips-hue-white-and-color-ambiance-starter-kit","","gadgetstyle techfinds coolgadgets smarthome homeautomation smarthometech smartlighting colorled philipshue"
"ecobee Smart Thermostat Premium","/images/mirrored/product_6_img1_5ea7fea8.jpg","Smart Home","/images/mirrored/product_6_img1_5ea7fea8.jpg","The ecobee Smart Thermostat Premium sits at the top of ecobee's own lineup and competes directly with the Google Nest Learning Thermostat (4th gen) and Honeywell Home T10 Pro in the $200–$250 smart thermostat tier. $225.00. Tap for full review and where to buy. #gadgetstyle #techfinds #coolgadgets #smarthome #homeautomation #smarthometech #smartthermostat #energysaving #airquality","https://www.gadgetstyle.com.au/product/ecobee-smart-thermostat-premium","","gadgetstyle techfinds coolgadgets smarthome homeautomation smarthometech smartthermostat energysaving airquality"
"TP-Link Kasa Smart Plug Mini (4-Pack)","/images/mirrored/ohnYcMSYNjoItDqm.jpg","Smart Home","/images/mirrored/ohnYcMSYNjoItDqm.jpg","At $6.50 per outlet, the Kasa EP25 Mini sits in the densest part of the smart plug market — competing directly with the Amazon Smart Plug, Wyze Plug Compact, and Tapo P125M. $25.98. Tap for full review and where to buy. #gadgetstyle #techfinds #coolgadgets #smarthome #homeautomation #smarthometech #smartplug #wifi #alexacompatible","https://www.gadgetstyle.com.au/product/tp-link-kasa-smart-plug-mini-4-pack","","gadgetstyle techfinds coolgadgets smarthome homeautomation smarthometech smartplug wifi alexacompatible"
"Arlo Pro 5S 2K Spotlight Security Camera","/images/mirrored/UebGdWlpacbxbSwe.jpg","Smart Home","/images/mirrored/UebGdWlpacbxbSwe.jpg","The Pro 5S sits in the upper-mid tier of battery-powered outdoor security cameras — above Wyze and Eufy's budget lines, below Arlo's own Ultra 2 and the wired-first competition like Reolink's Argus series. $169.99. Tap for full review and where to buy. #gadgetstyle #techfinds #coolgadgets #smarthome #homeautomation #smarthometech #securitycamera #wireless #2khdr","https://www.gadgetstyle.com.au/product/arlo-pro-5s-2k-spotlight-security-camera","","gadgetstyle techfinds coolgadgets smarthome homeautomation smarthometech securitycamera wireless 2khdr"
"Amazon Fire TV Stick 4K Max (2nd Gen)","/images/mirrored/HhgQVmJzbzscaEUc.jpg","Smart Home","/images/mirrored/HhgQVmJzbzscaEUc.jpg","The 4K streaming dongle market splits cleanly into two tiers: sub-$50 sticks and the $100+ box-class devices like the Nvidia Shield TV Pro. $59.99. Tap for full review and where to buy. #gadgetstyle #techfinds #coolgadgets #smarthome #homeautomation #smarthometech #streaming #4k #firetv","https://www.gadgetstyle.com.au/product/amazon-fire-tv-stick-4k-max-2nd-gen","","gadgetstyle techfinds coolgadgets smarthome homeautomation smarthometech streaming 4k firetv"
"Sonos Era 100 Wireless Smart Speaker","/images/mirrored/product_10_img1_9afbffb0.jpg","Smart Home","/images/mirrored/product_10_img1_9afbffb0.jpg","At $199, the Era 100 occupies the upper tier of the compact smart speaker category — above the Echo Studio on price and significantly above it on audio credibility, but below the Era 300's spatial audio ambitions and the HomePod's deeper Apple ecosystem lock-in. $199.00. Tap for full review and where to buy. #gadgetstyle #techfinds #coolgadgets #smarthome #homeautomation #smarthometech #smartspeaker #sonos #stereo","https://www.gadgetstyle.com.au/product/sonos-era-100-wireless-smart-speaker","","gadgetstyle techfinds coolgadgets smarthome homeautomation smarthometech smartspeaker sonos stereo"
"Nanoleaf Shapes Hexagons Smarter Kit (9 Panels)","/images/mirrored/product_11_img1_7db2e566.jpg","Smart Home","/images/mirrored/product_11_img1_7db2e566.jpg","The modular LED wall panel category is anchored by Nanoleaf against a small competitive set that includes Govee's Glide Hexa and the Twinkly Squares — but Nanoleaf remains the reference product for layout flexibility and smart home depth. $189.99. Tap for full review and where to buy. #gadgetstyle #techfinds #coolgadgets #smarthome #homeautomation #smarthometech #smartlighting #ledpanels #modular","https://www.gadgetstyle.com.au/product/nanoleaf-shapes-hexagons-smarter-kit-9-panels","","gadgetstyle techfinds coolgadgets smarthome homeautomation smarthometech smartlighting ledpanels modular"
"Yale Assure Lock 2 Smart Lock with Wi-Fi","/images/mirrored/QYqsfiYYTknTAbra.jpg","Smart Home","/images/mirrored/QYqsfiYYTknTAbra.jpg","The Assure Lock 2 sits in the premium tier of residential smart deadbolts, competing directly with the Schlage Encode Plus and the August Wi-Fi Smart Lock Pro. $279.99. Tap for full review and where to buy. #gadgetstyle #techfinds #coolgadgets #smarthome #homeautomation #smarthometech #smartlock #keylessentry #wifi","https://www.gadgetstyle.com.au/product/yale-assure-lock-2-smart-lock-with-wi-fi","","gadgetstyle techfinds coolgadgets smarthome homeautomation smarthometech smartlock keylessentry wifi"
"Sony WH-1000XM5 Wireless Noise Canceling Headphones","/images/mirrored/103364_original_local_1200x1050_v3_converted.webp","Audio & Sound","/images/mirrored/103364_original_local_1200x1050_v3_converted.webp","At $299.99, the WH-1000XM5 occupies the upper tier of the consumer ANC over-ear market — directly competing with the Bose QuietComfort Ultra and Apple AirPods Max, with the Jabra Evolve2 55 and Anker Soundcore Q45 sitting well below it. $299.99. Tap for full review and where to buy. #gadgetstyle #techfinds #coolgadgets #audiophile #headphones #wirelessaudio #headphones #noisecancelling #wireless","https://www.gadgetstyle.com.au/product/sony-wh-1000xm5-wireless-noise-canceling-headphones","","gadgetstyle techfinds coolgadgets audiophile headphones wirelessaudio headphones noisecancelling wireless"
"Apple AirPods Pro (2nd Generation) with USB-C","/images/mirrored/apple-airpods-pro-2nd-gen-01.jpg","Audio & Sound","/images/mirrored/apple-airpods-pro-2nd-gen-01.jpg","Apple's second-generation Pro earbuds occupy the premium end of the true wireless segment, sitting comfortably alongside the Sony WF-1000XM5 and Samsung Galaxy Buds3 Pro as the three products most audiophiles and power users are actually cross-shopping at this price tier. $239.00. Tap for full review and where to buy. #gadgetstyle #techfinds #coolgadgets #audiophile #headphones #wirelessaudio #earbuds #anc #apple","https://www.gadgetstyle.com.au/product/apple-airpods-pro-2nd-generation-with-usb-c","","gadgetstyle techfinds coolgadgets audiophile headphones wirelessaudio earbuds anc apple"
"JBL Charge 5 Portable Bluetooth Speaker","/images/mirrored/product_15_img1_93c2e987.jpg","Audio & Sound","/images/mirrored/product_15_img1_93c2e987.jpg","The Charge 5 sits in the mid-size portable Bluetooth speaker segment — above the pill-form-factor Flip tier and below the full-room ambitions of the Xtreme series. $139.95. Tap for full review and where to buy. #gadgetstyle #techfinds #coolgadgets #audiophile #headphones #wirelessaudio #bluetoothspeaker #portable #waterproof","https://www.gadgetstyle.com.au/product/jbl-charge-5-portable-bluetooth-speaker","","gadgetstyle techfinds coolgadgets audiophile headphones wirelessaudio bluetoothspeaker portable waterproof"
"Bose QuietComfort Ultra Earbuds","/images/mirrored/Bose-QuietComfort-Ultra-Earbuds-01.jpg","Audio & Sound","/images/mirrored/Bose-QuietComfort-Ultra-Earbuds-01.jpg","The QC Ultra Earbuds sit at the top of Bose's consumer lineup, competing directly with the Sony WF-1000XM5 and Apple AirPods Pro 2 in the $280–$300 true wireless bracket — a tier where ANC performance and tuning maturity matter more than raw driver spec. $299.00. Tap for full review and where to buy. #gadgetstyle #techfinds #coolgadgets #audiophile #headphones #wirelessaudio #earbuds #noisecancelling #bose","https://www.gadgetstyle.com.au/product/bose-quietcomfort-ultra-earbuds","","gadgetstyle techfinds coolgadgets audiophile headphones wirelessaudio earbuds noisecancelling bose"
"Sonos Beam (Gen 2) Smart Soundbar","/images/mirrored/Sonos-Beam-Gen-2-smart-soundbar-01.jpeg","Audio & Sound","/images/mirrored/Sonos-Beam-Gen-2-smart-soundbar-01.jpeg","The compact soundbar category splits between dedicated home theater gear and multi-room lifestyle systems, and the Beam Gen 2 sits firmly at the intersection of both. $449.00. Tap for full review and where to buy. #gadgetstyle #techfinds #coolgadgets #audiophile #headphones #wirelessaudio #soundbar #dolbyatmos #sonos","https://www.gadgetstyle.com.au/product/sonos-beam-gen-2-smart-soundbar","","gadgetstyle techfinds coolgadgets audiophile headphones wirelessaudio soundbar dolbyatmos sonos"
"Samsung Galaxy Buds3 Pro Wireless Earbuds","/images/mirrored/product_18_img1_d2d9b317.webp","Audio & Sound","/images/mirrored/product_18_img1_d2d9b317.webp","At $299.99, the Buds3 Pro slots directly into the premium TWS tier alongside the Sony WF-1000XM5 and Apple AirPods Pro 2 — a bracket defined less by raw specs than by how well each manufacturer integrates ANC, audio tuning, and ecosystem software. $299.99. Tap for full review and where to buy. #gadgetstyle #techfinds #coolgadgets #audiophile #headphones #wirelessaudio #earbuds #samsung #anc","https://www.gadgetstyle.com.au/product/samsung-galaxy-buds3-pro-wireless-earbuds","","gadgetstyle techfinds coolgadgets audiophile headphones wirelessaudio earbuds samsung anc"
"Audio-Technica AT-LP120XUSB Direct-Drive Turntable","/images/mirrored/product_19_img1_488bf64b.png","Audio & Sound","/images/mirrored/product_19_img1_488bf64b.png","The AT-LP120XUSB sits at the upper end of the entry-to-mid consumer turntable market, competing directly with the Pro-Ject Debut Carbon EVO and Rega Planar 1 Plus in the $300–$450 range, though it takes a fundamentally different philosophy than either. $399.00. Tap for full review and where to buy. #gadgetstyle #techfinds #coolgadgets #audiophile #headphones #wirelessaudio #turntable #vinyl #usb","https://www.gadgetstyle.com.au/product/audio-technica-at-lp120xusb-direct-drive-turntable","","gadgetstyle techfinds coolgadgets audiophile headphones wirelessaudio turntable vinyl usb"
"Sennheiser Momentum 4 Wireless Headphones","/images/mirrored/Sennheiser-MOMENTUM-4-Wireless-Headphones-01.jpeg","Audio & Sound","/images/mirrored/Sennheiser-MOMENTUM-4-Wireless-Headphones-01.jpeg","The Momentum 4 sits at the premium end of the over-ear ANC wireless category, competing directly with the Sony WH-1000XM5 and Bose QuietComfort Ultra at roughly the same price band. $379.95. Tap for full review and where to buy. #gadgetstyle #techfinds #coolgadgets #audiophile #headphones #wirelessaudio #headphones #wireless #sennheiser","https://www.gadgetstyle.com.au/product/sennheiser-momentum-4-wireless-headphones","","gadgetstyle techfinds coolgadgets audiophile headphones wirelessaudio headphones wireless sennheiser"
"Marshall Stanmore III Bluetooth Speaker","/images/mirrored/Marshall-Stanmore-III-Bluetooth-Wireless-Speaker-01.jpg","Audio & Sound","/images/mirrored/Marshall-Stanmore-III-Bluetooth-Wireless-Speaker-01.jpg","The Stanmore III occupies the upper-mid tier of the premium Bluetooth bookshelf speaker market — above the $200–250 mass-market competition from Sonos Era 100 or JBL Authentics 300, but below the $500+ multiroom ecosystem plays like the Sonos Era 300 or Naim Mu-so Qb 2. $379.99. Tap for full review and where to buy. #gadgetstyle #techfinds #coolgadgets #audiophile #headphones #wirelessaudio #bluetoothspeaker #marshall #homeaudio","https://www.gadgetstyle.com.au/product/marshall-stanmore-iii-bluetooth-speaker","","gadgetstyle techfinds coolgadgets audiophile headphones wirelessaudio bluetoothspeaker marshall homeaudio"
"FiiO K7 Hi-Res Desktop DAC & Headphone Amplifier","/images/mirrored/QfehcfvOKhgUwFAo.webp","Audio & Sound","/images/mirrored/QfehcfvOKhgUwFAo.webp","The K7 sits squarely in the sub-$250 desktop DAC/amp segment, competing directly with the SMSL HO200, Topping DX3 Pro+, and iFi Zen DAC V2. $219.99. Tap for full review and where to buy. #gadgetstyle #techfinds #coolgadgets #audiophile #headphones #wirelessaudio #dac #headphoneamp #hiresaudio","https://www.gadgetstyle.com.au/product/fiio-k7-hi-res-desktop-dac-headphone-amplifier","","gadgetstyle techfinds coolgadgets audiophile headphones wirelessaudio dac headphoneamp hiresaudio"
"Jabra Elite 10 Gen 2 True Wireless Earbuds","/images/mirrored/Jabra-Elite-10-Ergonomic-Earbuds-01.jpg","Audio & Sound","/images/mirrored/Jabra-Elite-10-Ergonomic-Earbuds-01.jpg","The Elite 10 Gen 2 lands in the premium TWS bracket — call it the $200–$280 tier where it sits alongside the Sony WF-1000XM5, Bose QuietComfort Earbuds II, and Apple AirPods Pro 2. $249.99. Tap for full review and where to buy. #gadgetstyle #techfinds #coolgadgets #audiophile #headphones #wirelessaudio #earbuds #dolbyatmos #jabra","https://www.gadgetstyle.com.au/product/jabra-elite-10-gen-2-true-wireless-earbuds","","gadgetstyle techfinds coolgadgets audiophile headphones wirelessaudio earbuds dolbyatmos jabra"
"Bose SoundLink Max Portable Bluetooth Speaker","/images/mirrored/product_24_img1_5dd648ad.jpg","Audio & Sound","/images/mirrored/product_24_img1_5dd648ad.jpg","At $349, the SoundLink Max slots into the upper tier of the portable Bluetooth speaker market — above the JBL Charge 5 and UE Hyperboom territory, competing directly with the Marshall Emberton III and Sony SRS-XG300, and brushing the lower edge of the UE Hyperboom's volume output. $349.00. Tap for full review and where to buy. #gadgetstyle #techfinds #coolgadgets #audiophile #headphones #wirelessaudio #bluetoothspeaker #portable #bose","https://www.gadgetstyle.com.au/product/bose-soundlink-max-portable-bluetooth-speaker","","gadgetstyle techfinds coolgadgets audiophile headphones wirelessaudio bluetoothspeaker portable bose"
"Sony WF-1000XM5 Truly Wireless Earbuds","/images/mirrored/Sony-WF-1000XM5-Truly-Wireless-Bluetooth-Earbuds-01.jpeg","Audio & Sound","/images/mirrored/Sony-WF-1000XM5-Truly-Wireless-Bluetooth-Earbuds-01.jpeg","At $299.99, the WF-1000XM5 occupies the top tier of the truly wireless ANC market, going head-to-head with the Bose QuietComfort Earbuds II and Apple AirPods Pro 2. $299.99. Tap for full review and where to buy. #gadgetstyle #techfinds #coolgadgets #audiophile #headphones #wirelessaudio #earbuds #sony #anc","https://www.gadgetstyle.com.au/product/sony-wf-1000xm5-truly-wireless-earbuds","","gadgetstyle techfinds coolgadgets audiophile headphones wirelessaudio earbuds sony anc"
"Logitech G502 X PLUS LIGHTSPEED Wireless Gaming Mouse","/images/mirrored/product_26_img1_29a984a9.jpg","Gaming & Accessories","/images/mirrored/product_26_img1_29a984a9.jpg","The G502 X PLUS sits at the top of Logitech's wired-to-wireless conversion of the G502 legacy line, and it's positioned squarely against the Razer DeathAdder V3 Pro, SteelSeries Aerox 5 Wireless, and Corsair Dark Core RGB Pro at the $150–$160 price ceiling for full-featured wireless gaming mice. $159.99. Tap for full review and where to buy. #gadgetstyle #techfinds #coolgadgets #gaming #gamersetup #pcgaming #gamingmouse #wireless #logitech","https://www.gadgetstyle.com.au/product/logitech-g502-x-plus-lightspeed-wireless-gaming-mouse","","gadgetstyle techfinds coolgadgets gaming gamersetup pcgaming gamingmouse wireless logitech"
"SteelSeries Arctis Nova Pro Wireless Gaming Headset","/images/mirrored/product_27_img1_2f4f3f23.webp","Gaming & Accessories","/images/mirrored/product_27_img1_2f4f3f23.webp","At $511.65, the Arctis Nova Pro Wireless sits at the absolute ceiling of the gaming headset market — not premium, but genuinely flagship, competing directly with the Astro A50 X and Audeze Maxwell. $511.65. Tap for full review and where to buy. #gadgetstyle #techfinds #coolgadgets #gaming #gamersetup #pcgaming #gamingheadset #wireless #anc","https://www.gadgetstyle.com.au/product/steelseries-arctis-nova-pro-wireless-gaming-headset","","gadgetstyle techfinds coolgadgets gaming gamersetup pcgaming gamingheadset wireless anc"
"Razer BlackWidow V4 75% Mechanical Gaming Keyboard","/images/mirrored/Razer-BlackWidow-V4-Pro-75-Percent-Keyboard-01.jpg","Gaming & Accessories","/images/mirrored/Razer-BlackWidow-V4-Pro-75-Percent-Keyboard-01.jpg","The 75% mechanical keyboard market has gotten genuinely competitive — the Keychron Q2 Pro, Wooting 60HE, and Nuphy Field75 all live in this space at lower price points, which makes the BlackWidow V4 75%'s $299.99 ask a statement. $299.99. Tap for full review and where to buy. #gadgetstyle #techfinds #coolgadgets #gaming #gamersetup #pcgaming #gamingkeyboard #mechanical #razer","https://www.gadgetstyle.com.au/product/razer-blackwidow-v4-75-mechanical-gaming-keyboard","","gadgetstyle techfinds coolgadgets gaming gamersetup pcgaming gamingkeyboard mechanical razer"
"Xbox Elite Wireless Controller Series 2 Core","/images/mirrored/Xbox-Elite-Wireless-Controller-Series-2-Core-01.jpg","Gaming & Accessories","/images/mirrored/Xbox-Elite-Wireless-Controller-Series-2-Core-01.jpg","The Elite Series 2 Core sits at the entry point of Microsoft's pro controller lineup, slotting between the standard Xbox Wireless Controller (~$60) and the full Elite Series 2 (~$179). $129.99. Tap for full review and where to buy. #gadgetstyle #techfinds #coolgadgets #gaming #gamersetup #pcgaming #controller #xbox #wireless","https://www.gadgetstyle.com.au/product/xbox-elite-wireless-controller-series-2-core","","gadgetstyle techfinds coolgadgets gaming gamersetup pcgaming controller xbox wireless"
"Elgato Stream Deck MK.2 (15 Keys)","/images/mirrored/jYsXjwjKoITqHkob.jpg","Gaming & Accessories","/images/mirrored/jYsXjwjKoITqHkob.jpg","The Stream Deck MK.2 occupies the center of Elgato's macro-pad lineup — above the 6-key Mini and below the 32-key XL — and has held that middle position long enough to become the de facto reference point for the category. $149.99. Tap for full review and where to buy. #gadgetstyle #techfinds #coolgadgets #gaming #gamersetup #pcgaming #streamdeck #streaming #contentcreation","https://www.gadgetstyle.com.au/product/elgato-stream-deck-mk-2-15-keys","","gadgetstyle techfinds coolgadgets gaming gamersetup pcgaming streamdeck streaming contentcreation"
"ASUS ROG Swift PG27AQN 27"" 360Hz Gaming Monitor","/images/mirrored/product_31_img1_ded74c2f.jpg","Gaming & Accessories","/images/mirrored/product_31_img1_ded74c2f.jpg","At 360Hz in QHD, the PG27AQN occupies a very specific intersection in the high-refresh gaming monitor market — one that didn't meaningfully exist until ASUS and AU Optronics pushed IPS technology past the 240Hz ceiling that once belonged exclusively to TN panels. $649.00. Tap for full review and where to buy. #gadgetstyle #techfinds #coolgadgets #gaming #gamersetup #pcgaming #gamingmonitor #360hz #1440p","https://www.gadgetstyle.com.au/product/asus-rog-swift-pg27aqn-27-360hz-gaming-monitor","","gadgetstyle techfinds coolgadgets gaming gamersetup pcgaming gamingmonitor 360hz 1440p"
"Razer Viper V3 Pro Wireless Gaming Mouse","/images/mirrored/Razer-Viper-V3-Pro-Sentinels-Edition-01.jpg","Gaming & Accessories","/images/mirrored/Razer-Viper-V3-Pro-Sentinels-Edition-01.jpg","The wireless performance mouse segment is one of the most contested in PC peripherals right now, and the Viper V3 Pro lands squarely at the top of it — competing directly with the Logitech G Pro X Superlight 2 DEX and Pulsar X2V2 at the $150–$160 price ceiling enthusiasts consider the premium-wireless threshold. $159.99. Tap for full review and where to buy. #gadgetstyle #techfinds #coolgadgets #gaming #gamersetup #pcgaming #gamingmouse #wireless #lightweight","https://www.gadgetstyle.com.au/product/razer-viper-v3-pro-wireless-gaming-mouse","","gadgetstyle techfinds coolgadgets gaming gamersetup pcgaming gamingmouse wireless lightweight"
"HyperX Cloud III Wireless Gaming Headset","/images/mirrored/product_33_img1_c38f8701.jpg","Gaming & Accessories","/images/mirrored/product_33_img1_c38f8701.jpg","The Cloud III Wireless sits in the mid-range wireless gaming headset bracket alongside the SteelSeries Arctis Nova 5 Wireless and Turtle Beach Stealth 700 Gen 3 — all clustering around the $130–$160 mark where buyers expect competent spatial audio, multi-platform compatibility, and battery life that stops being a daily anxiety. $149.99. Tap for full review and where to buy. #gadgetstyle #techfinds #coolgadgets #gaming #gamersetup #pcgaming #gamingheadset #wireless #hyperx","https://www.gadgetstyle.com.au/product/hyperx-cloud-iii-wireless-gaming-headset","","gadgetstyle techfinds coolgadgets gaming gamersetup pcgaming gamingheadset wireless hyperx"
"Elgato HD60 X External Capture Card","/images/mirrored/Elgato-HD60-X-Ultra-Low-Latency-Gaming-Capture-Card-01.jpeg","Gaming & Accessories","/images/mirrored/Elgato-HD60-X-Ultra-Low-Latency-Gaming-Capture-Card-01.jpeg","The HD60 X sits in the mid-tier external capture card segment, competing directly with AVerMedia's Live Gamer Portable 2 Plus and the Razer Ripsaw HD, while undercutting the AVerMedia 4K Pro Capture and Elgato's own 4K X by a significant margin. $199.99. Tap for full review and where to buy. #gadgetstyle #techfinds #coolgadgets #gaming #gamersetup #pcgaming #capturecard #4k #streaming","https://www.gadgetstyle.com.au/product/elgato-hd60-x-external-capture-card","","gadgetstyle techfinds coolgadgets gaming gamersetup pcgaming capturecard 4k streaming"
"DualSense Edge Wireless Controller for PS5","/images/mirrored/product_35_img1_e74ba8c6.jpg","Gaming & Accessories","/images/mirrored/product_35_img1_e74ba8c6.jpg","Sony's pro controller enters a category that Scuf, Razer, and Xbox Elite have owned for years — a market where $150–$200 buys you remappable inputs, adjustable actuation, and modularity that standard controllers deliberately omit. $199.99. Tap for full review and where to buy. #gadgetstyle #techfinds #coolgadgets #gaming #gamersetup #pcgaming #controller #ps5 #customizable","https://www.gadgetstyle.com.au/product/dualsense-edge-wireless-controller-for-ps5","","gadgetstyle techfinds coolgadgets gaming gamersetup pcgaming controller ps5 customizable"
"Corsair K70 RGB PRO Mechanical Gaming Keyboard","/images/mirrored/CORSAIR-K70-RGB-PRO-Mechanical-Gaming-Keyboard-01.jpg","Gaming & Accessories","/images/mirrored/CORSAIR-K70-RGB-PRO-Mechanical-Gaming-Keyboard-01.jpg","The K70 RGB PRO occupies the upper tier of wired mechanical gaming keyboards — a category defined by Razer's BlackWidow V4 Pro, SteelSeries Apex Pro, and Logitech's G915 TKL — but it positions itself specifically as a tournament-grade full-size board rather than a wireless lifestyle product. $169.99. Tap for full review and where to buy. #gadgetstyle #techfinds #coolgadgets #gaming #gamersetup #pcgaming #gamingkeyboard #mechanical #corsair","https://www.gadgetstyle.com.au/product/corsair-k70-rgb-pro-mechanical-gaming-keyboard","","gadgetstyle techfinds coolgadgets gaming gamersetup pcgaming gamingkeyboard mechanical corsair"
"Razer Kiyo Pro Ultra 4K Streaming Webcam","/images/mirrored/product_37_img1_dbbf477e.webp","Gaming & Accessories","/images/mirrored/product_37_img1_dbbf477e.webp","The Kiyo Pro Ultra sits at the apex of the dedicated streaming webcam category, competing directly with the Elgato Facecam Pro and Insta360 Link 2 in the sub-$300 bracket where sensor size becomes the primary differentiator. $299.99. Tap for full review and where to buy. #gadgetstyle #techfinds #coolgadgets #gaming #gamersetup #pcgaming #webcam #4k #streaming","https://www.gadgetstyle.com.au/product/razer-kiyo-pro-ultra-4k-streaming-webcam","","gadgetstyle techfinds coolgadgets gaming gamersetup pcgaming webcam 4k streaming"
"SteelSeries QcK Heavy XXL Gaming Mouse Pad","/images/mirrored/sdbQZeRlByznxjXo.jpg","Gaming & Accessories","/images/mirrored/sdbQZeRlByznxjXo.jpg","The QcK Heavy XXL sits at the premium end of the soft cloth desk-mat segment, competing directly with the Razer Gigantus V2 XXL and Corsair MM300 Pro Extended. $34.99. Tap for full review and where to buy. #gadgetstyle #techfinds #coolgadgets #gaming #gamersetup #pcgaming #mousepad #xxl #steelseries","https://www.gadgetstyle.com.au/product/steelseries-qck-heavy-xxl-gaming-mouse-pad","","gadgetstyle techfinds coolgadgets gaming gamersetup pcgaming mousepad xxl steelseries"
"Apple Watch Series 10 GPS 46mm","/images/mirrored/product_39_img1_7fc1f44a.jpg","Wearables & Fitness","/images/mirrored/product_39_img1_7fc1f44a.jpg","The Apple Watch Series 10 sits at the mid-tier of Apple's own wearable lineup — above the SE 2 but clearly below the Ultra 2 — and occupies the upper-middle ground of the broader smartwatch market, competing directly with the Samsung Galaxy Watch 7 and Google Pixel Watch 3 at similar price points. $319.00. Tap for full review and where to buy. #gadgetstyle #techfinds #coolgadgets #wearabletech #fitnesstracker #smartwatch #smartwatch #apple #healthtracking","https://www.gadgetstyle.com.au/product/apple-watch-series-10-gps-46mm","","gadgetstyle techfinds coolgadgets wearabletech fitnesstracker smartwatch smartwatch apple healthtracking"
"Samsung Galaxy Watch Ultra 47mm GPS + LTE","/images/mirrored/eOqXeWDQbLHhcQRz.jpg","Wearables & Fitness","/images/mirrored/eOqXeWDQbLHhcQRz.jpg","The Galaxy Watch Ultra sits at the top of Samsung's lineup — the first time the company has launched a dedicated ""Ultra"" SKU in the watch segment, directly contesting the Apple Watch Ultra 2 and the Garmin Epix Pro Gen 2. $649.99. Tap for full review and where to buy. #gadgetstyle #techfinds #coolgadgets #wearabletech #fitnesstracker #smartwatch #smartwatch #samsung #titanium","https://www.gadgetstyle.com.au/product/samsung-galaxy-watch-ultra-47mm-gps-lte","","gadgetstyle techfinds coolgadgets wearabletech fitnesstracker smartwatch smartwatch samsung titanium"
"Garmin Venu 3S GPS Smartwatch","/images/mirrored/NreVheWNfJvmvobm.jpg","Wearables & Fitness","/images/mirrored/NreVheWNfJvmvobm.jpg","The Venu 3S occupies a specific niche that Garmin has been refining for years: a wellness-forward smartwatch that prioritizes daily health tracking and lifestyle aesthetics over the expedition-grade durability of the Fenix or Epix lines. $449.99. Tap for full review and where to buy. #gadgetstyle #techfinds #coolgadgets #wearabletech #fitnesstracker #smartwatch #smartwatch #garmin #fitness","https://www.gadgetstyle.com.au/product/garmin-venu-3s-gps-smartwatch","","gadgetstyle techfinds coolgadgets wearabletech fitnesstracker smartwatch smartwatch garmin fitness"
"Fitbit Charge 6 Advanced Fitness Tracker","/images/mirrored/lLDSQPBRwKQpkiLH.jpg","Wearables & Fitness","/images/mirrored/lLDSQPBRwKQpkiLH.jpg","The Charge 6 sits in the mid-tier fitness band category — above basic step counters like the Inspire 3 but below full smartwatch territory occupied by the Pixel Watch 3 and Galaxy Watch 7. $178.55. Tap for full review and where to buy. #gadgetstyle #techfinds #coolgadgets #wearabletech #fitnesstracker #smartwatch #fitnesstracker #fitbit #google","https://www.gadgetstyle.com.au/product/fitbit-charge-6-advanced-fitness-tracker","","gadgetstyle techfinds coolgadgets wearabletech fitnesstracker smartwatch fitnesstracker fitbit google"
"Oura Ring Gen 3 Heritage Smart Ring","/images/mirrored/Oura-Ring-Gen-3-fitness-ring-01.jpeg","Wearables & Fitness","/images/mirrored/Oura-Ring-Gen-3-fitness-ring-01.jpeg","The smart ring category is small enough that every serious contender gets named — Oura, Samsung Galaxy Ring, Ultrahuman Ring AIR, RingConn — and the Heritage sits at the premium end of Oura's Gen 3 lineup, differentiated from the Horizon by its flat inner profile and faceted exterior. $499.00. Tap for full review and where to buy. #gadgetstyle #techfinds #coolgadgets #wearabletech #fitnesstracker #smartwatch #smartring #sleeptracking #oura","https://www.gadgetstyle.com.au/product/oura-ring-gen-3-heritage-smart-ring","","gadgetstyle techfinds coolgadgets wearabletech fitnesstracker smartwatch smartring sleeptracking oura"
"Garmin Forerunner 265 GPS Running Watch","/images/mirrored/Garmin-Forerunner-265-running-smartwatch-01.jpeg","Wearables & Fitness","/images/mirrored/Garmin-Forerunner-265-running-smartwatch-01.jpeg","The Forerunner 265 lands in the sub-$500 GPS running watch segment, competing directly with the Polar Pacer Pro, COROS Pace 3, and the older Forerunner 255 it effectively obsoletes. $449.99. Tap for full review and where to buy. #gadgetstyle #techfinds #coolgadgets #wearabletech #fitnesstracker #smartwatch #runningwatch #garmin #gps","https://www.gadgetstyle.com.au/product/garmin-forerunner-265-gps-running-watch","","gadgetstyle techfinds coolgadgets wearabletech fitnesstracker smartwatch runningwatch garmin gps"
"WHOOP 4.0 Health & Fitness Tracker","/images/mirrored/product_45_img1_57d18afd.jpg","Wearables & Fitness","/images/mirrored/product_45_img1_57d18afd.jpg","The WHOOP 4.0 sits in the screenless continuous-health-monitor category, competing directly against the Oura Ring Gen 3 and the Garmin HRV Status feature set rather than against display-bearing trackers like the Fitbit Charge 6 or Apple Watch SE. $149.00. Tap for full review and where to buy. #gadgetstyle #techfinds #coolgadgets #wearabletech #fitnesstracker #smartwatch #fitnesstracker #whoop #recovery","https://www.gadgetstyle.com.au/product/whoop-4-0-health-fitness-tracker","","gadgetstyle techfinds coolgadgets wearabletech fitnesstracker smartwatch fitnesstracker whoop recovery"
"Google Pixel Watch 3 45mm WiFi + LTE","/images/mirrored/xabFAfRuiYNCrGDf.jpg","Wearables & Fitness","/images/mirrored/xabFAfRuiYNCrGDf.jpg","The 45mm Pixel Watch 3 sits at the upper end of Google's own wearable lineup and competes directly with the Samsung Galaxy Watch 7, Apple Watch Series 10, and the smaller tier of Garmin's Venu series. $349.99. Tap for full review and where to buy. #gadgetstyle #techfinds #coolgadgets #wearabletech #fitnesstracker #smartwatch #smartwatch #google #pixel","https://www.gadgetstyle.com.au/product/google-pixel-watch-3-45mm-wifi-lte","","gadgetstyle techfinds coolgadgets wearabletech fitnesstracker smartwatch smartwatch google pixel"
"Amazfit T-Rex Ultra GPS Outdoor Smartwatch","/images/mirrored/Amazfit-T-Rex-Ultra-2-01-1024x576.jpg","Wearables & Fitness","/images/mirrored/Amazfit-T-Rex-Ultra-2-01-1024x576.jpg","At $549.99, the T-Rex Ultra slots directly into the high-stakes bracket occupied by the Garmin Fenix 7 Pro and Coros Vertix 2S — watches where buyers expect expedition-grade hardware, not just a rugged bezel on a fitness tracker chassis. $549.99. Tap for full review and where to buy. #gadgetstyle #techfinds #coolgadgets #wearabletech #fitnesstracker #smartwatch #outdoorwatch #rugged #gps","https://www.gadgetstyle.com.au/product/amazfit-t-rex-ultra-gps-outdoor-smartwatch","","gadgetstyle techfinds coolgadgets wearabletech fitnesstracker smartwatch outdoorwatch rugged gps"
"Apple Watch Ultra 2 GPS + Cellular 49mm","/images/mirrored/Apple-Watch-Ultra-2-01.jpeg","Wearables & Fitness","/images/mirrored/Apple-Watch-Ultra-2-01.jpeg","The Ultra 2 sits at the absolute ceiling of the consumer smartwatch market — above the Apple Watch Series 10 and ahead of the Garmin Fenix 8 Solar in terms of raw display and platform integration, though it trades blows with the Fenix and MARQ lines on battery endurance and dedicated multisport features. $799.00. Tap for full review and where to buy. #gadgetstyle #techfinds #coolgadgets #wearabletech #fitnesstracker #smartwatch #smartwatch #apple #ultra","https://www.gadgetstyle.com.au/product/apple-watch-ultra-2-gps-cellular-49mm","","gadgetstyle techfinds coolgadgets wearabletech fitnesstracker smartwatch smartwatch apple ultra"
"Coros Pace 3 GPS Sport Watch","/images/mirrored/COROS-PACE-3-GPS-Sport-Watch-01.jpeg","Wearables & Fitness","/images/mirrored/COROS-PACE-3-GPS-Sport-Watch-01.jpeg","At $229, the Pace 3 slots into the most competitive tier in running watches — call it the $200–$250 sweet spot where Garmin's Forerunner 165, the Polar Pacer Pro, and Coros's own previous generation collide. $229.00. Tap for full review and where to buy. #gadgetstyle #techfinds #coolgadgets #wearabletech #fitnesstracker #smartwatch #runningwatch #coros #lightweight","https://www.gadgetstyle.com.au/product/coros-pace-3-gps-sport-watch","","gadgetstyle techfinds coolgadgets wearabletech fitnesstracker smartwatch runningwatch coros lightweight"
"Ray-Ban Meta Wayfarer Smart Glasses","/images/mirrored/Ray-Ban-Meta-Wayfarer-01.jpeg","Wearables & Fitness","/images/mirrored/Ray-Ban-Meta-Wayfarer-01.jpeg","The AI-integrated smart glasses category has a legitimately short competitive list: the Wayfarer sits alongside the Echo Frames and Bose Frames, but at $379 it's one of the few options with an onboard camera and on-device AI inference rather than just audio passthrough. $379.00. Tap for full review and where to buy. #gadgetstyle #techfinds #coolgadgets #wearabletech #fitnesstracker #smartwatch #smartglasses #rayban #meta","https://www.gadgetstyle.com.au/product/ray-ban-meta-wayfarer-smart-glasses","","gadgetstyle techfinds coolgadgets wearabletech fitnesstracker smartwatch smartglasses rayban meta"
"Withings ScanWatch 2 Hybrid Smartwatch 42mm","/images/mirrored/nptsZyNHNvQynIVv.jpg","Wearables & Fitness","/images/mirrored/nptsZyNHNvQynIVv.jpg","The ScanWatch 2 sits at the premium end of the hybrid smartwatch category — the relatively small segment where traditional analog watch mechanics coexist with clinical-grade health sensors, competing directly against the Garmin Vivomove Trend and the Fossil Gen 6 Hybrid, while undercutting the Apple Watch Series 10 and Galaxy Watch 7 on battery life by a wide margin. $349.95. Tap for full review and where to buy. #gadgetstyle #techfinds #coolgadgets #wearabletech #fitnesstracker #smartwatch #hybridwatch #ecg #withings","https://www.gadgetstyle.com.au/product/withings-scanwatch-2-hybrid-smartwatch-42mm","","gadgetstyle techfinds coolgadgets wearabletech fitnesstracker smartwatch hybridwatch ecg withings"
"GoPro HERO13 Black Action Camera","/images/mirrored/GoPro-Hero-13-Black-Action-Cam-01.jpeg","Outdoor & Adventure Tech","/images/mirrored/GoPro-Hero-13-Black-Action-Cam-01.jpeg","The HERO13 Black sits at the top of GoPro's own lineup and competes directly with the DJI Osmo Action 5 Pro and Insta360 X4 in the sub-$400 action camera segment. $399.99. Tap for full review and where to buy. #gadgetstyle #techfinds #coolgadgets #outdoorgear #adventuretech #hikinggear #actioncamera #gopro #53k","https://www.gadgetstyle.com.au/product/gopro-hero13-black-action-camera","","gadgetstyle techfinds coolgadgets outdoorgear adventuretech hikinggear actioncamera gopro 53k"
"DJI Osmo Action 5 Pro Adventure Camera","/images/mirrored/product_53_img1_17b59822.jpg","Outdoor & Adventure Tech","/images/mirrored/product_53_img1_17b59822.jpg","The action camera segment has consolidated around two credible players — GoPro and DJI — with everything else fighting for scraps. $349.00. Tap for full review and where to buy. #gadgetstyle #techfinds #coolgadgets #outdoorgear #adventuretech #hikinggear #actioncamera #dji #4k","https://www.gadgetstyle.com.au/product/dji-osmo-action-5-pro-adventure-camera","","gadgetstyle techfinds coolgadgets outdoorgear adventuretech hikinggear actioncamera dji 4k"
"Garmin inReach Mini 2 Satellite Communicator","/images/mirrored/product_54_img1_0bb8de59.webp","Outdoor & Adventure Tech","/images/mirrored/product_54_img1_0bb8de59.webp","The inReach Mini 2 sits at the compact end of Garmin's satellite communicator lineup, competing directly with the SPOT X and Zoleo in the two-way messaging tier, while undercutting the inReach Messenger on size and the inReach Mini 1 on firmware refinement. $349.99. Tap for full review and where to buy. #gadgetstyle #techfinds #coolgadgets #outdoorgear #adventuretech #hikinggear #satellitecommunicator #sos #garmin","https://www.gadgetstyle.com.au/product/garmin-inreach-mini-2-satellite-communicator","","gadgetstyle techfinds coolgadgets outdoorgear adventuretech hikinggear satellitecommunicator sos garmin"
"Jackery Explorer 1000 Plus Portable Power Station","/images/mirrored/product_55_img1_d1d56f69.png","Outdoor & Adventure Tech","/images/mirrored/product_55_img1_d1d56f69.png","The Explorer 1000 Plus lands in the mid-capacity portable power station segment — above the 500–700Wh travel-tier units but below the 2,000Wh+ whole-home-backup class. $1524.26. Tap for full review and where to buy. #gadgetstyle #techfinds #coolgadgets #outdoorgear #adventuretech #hikinggear #powerstation #portable #solar","https://www.gadgetstyle.com.au/product/jackery-explorer-1000-plus-portable-power-station","","gadgetstyle techfinds coolgadgets outdoorgear adventuretech hikinggear powerstation portable solar"
"BioLite CampStove 2+ Wood Burning USB Charger","/images/mirrored/product_56_img2_22875e67.jpg","Outdoor & Adventure Tech","/images/mirrored/product_56_img2_22875e67.jpg","At $199.95, the CampStove 2+ occupies a genuinely unusual position in outdoor tech: it's a thermoelectric generator dressed as a camp stove, competing less with canister-fuel stoves like the MSR PocketRocket 2 or Jetboil Flash and more directly with solar charging solutions like the BigBlue 28W panel or Goal Zero Nomad series. $199.95. Tap for full review and where to buy. #gadgetstyle #techfinds #coolgadgets #outdoorgear #adventuretech #hikinggear #campstove #usbcharger #woodburning","https://www.gadgetstyle.com.au/product/biolite-campstove-2-wood-burning-usb-charger","","gadgetstyle techfinds coolgadgets outdoorgear adventuretech hikinggear campstove usbcharger woodburning"
"Goal Zero Nomad 50 Portable Solar Panel","/images/mirrored/UujlYCaYrAVlZrvt.jpg","Outdoor & Adventure Tech","/images/mirrored/UujlYCaYrAVlZrvt.jpg","Portable solar sits in a well-defined market triangle: ultra-light panels below 30W for hikers who prioritize pack weight, mid-range 50–100W folders for basecamp and overlanding, and heavier rigid or semi-rigid arrays for serious off-grid setups. $249.95. Tap for full review and where to buy. #gadgetstyle #techfinds #coolgadgets #outdoorgear #adventuretech #hikinggear #solarpanel #portable #usbc","https://www.gadgetstyle.com.au/product/goal-zero-nomad-50-portable-solar-panel","","gadgetstyle techfinds coolgadgets outdoorgear adventuretech hikinggear solarpanel portable usbc"
"DJI Mini 4 Pro Drone with RC 2 Controller","/images/mirrored/product_58_img1_f4e7fe0c.jpg","Outdoor & Adventure Tech","/images/mirrored/product_58_img1_f4e7fe0c.jpg","The sub-250g drone category is one of the most strategically important in consumer aviation — staying under that weight threshold clears regulatory hurdles in the EU (Open Category A1), the UK, Canada, and elsewhere, letting pilots fly closer to people and in more locations without the paperwork burden that hits heavier platforms. $499.99. Tap for full review and where to buy. #gadgetstyle #techfinds #coolgadgets #outdoorgear #adventuretech #hikinggear #drone #4k #dji","https://www.gadgetstyle.com.au/product/dji-mini-4-pro-drone-with-rc-2-controller","","gadgetstyle techfinds coolgadgets outdoorgear adventuretech hikinggear drone 4k dji"
"Garmin GPSMAP 67 Handheld GPS Navigator","/images/mirrored/product_59_img1_eb63e06f.jpg","Outdoor & Adventure Tech","/images/mirrored/product_59_img1_eb63e06f.jpg","The GPSMAP 67 sits at the upper end of Garmin's dedicated hiking navigator line, slotting above the inReach Mini 2 and Oregon 700 series in terms of raw positioning capability, but without the satellite messaging hardware of the GPSMAP 67i variant. $449.99. Tap for full review and where to buy. #gadgetstyle #techfinds #coolgadgets #outdoorgear #adventuretech #hikinggear #gpsnavigator #handheld #garmin","https://www.gadgetstyle.com.au/product/garmin-gpsmap-67-handheld-gps-navigator","","gadgetstyle techfinds coolgadgets outdoorgear adventuretech hikinggear gpsnavigator handheld garmin"
"NITECORE TIKI UV Keychain Flashlight","/images/mirrored/product_60_img1_da3f70d6.png","Outdoor & Adventure Tech","/images/mirrored/product_60_img1_da3f70d6.png","Nitecore's keychain-tier TIKI lineup has carved out a credible niche against the Rovyvon Aurora series and the Olight i1R 2, and the UV variant specifically targets the dual-use crowd that wants a legitimate 365nm emitter alongside a white-light EDC. $24.95. Tap for full review and where to buy. #gadgetstyle #techfinds #coolgadgets #outdoorgear #adventuretech #hikinggear #flashlight #keychain #uv","https://www.gadgetstyle.com.au/product/nitecore-tiki-uv-keychain-flashlight","","gadgetstyle techfinds coolgadgets outdoorgear adventuretech hikinggear flashlight keychain uv"
"Garmin Overlander All-Terrain GPS Navigator","/images/mirrored/product_61_img1_7534a0d0.jpg","Outdoor & Adventure Tech","/images/mirrored/product_61_img1_7534a0d0.jpg","The Overlander occupies a specific niche: dedicated overland navigation hardware for users who find a phone mount and an offline Maps download insufficient for serious off-road work. $59.95. Tap for full review and where to buy. #gadgetstyle #techfinds #coolgadgets #outdoorgear #adventuretech #hikinggear #gps #overlanding #offroad","https://www.gadgetstyle.com.au/product/garmin-overlander-all-terrain-gps-navigator","","gadgetstyle techfinds coolgadgets outdoorgear adventuretech hikinggear gps overlanding offroad"
"Black Diamond Spot 400 Headlamp","/images/mirrored/product_62_img1_3f55f8d1.jpg","Outdoor & Adventure Tech","/images/mirrored/product_62_img1_3f55f8d1.jpg","The Spot 400 sits at the upper end of Black Diamond's AAA-powered headlamp lineup, occupying a well-contested space between budget trail runners like the Petzl Tikkina and more capable mixed-use lights such as the Petzl Actik Core or Black Diamond's own Revolt 350. $54.95. Tap for full review and where to buy. #gadgetstyle #techfinds #coolgadgets #outdoorgear #adventuretech #hikinggear #headlamp #waterproof #camping","https://www.gadgetstyle.com.au/product/black-diamond-spot-400-headlamp","","gadgetstyle techfinds coolgadgets outdoorgear adventuretech hikinggear headlamp waterproof camping"
"Insta360 X4 360° Action Camera","/images/mirrored/Insta360-X4-8K-360-Degree-Action-Camera-01.jpg","Outdoor & Adventure Tech","/images/mirrored/Insta360-X4-8K-360-Degree-Action-Camera-01.jpg","The X4 sits at the top of Insta360's consumer 360 lineup, competing directly with the GoPro Max and Ricoh Theta X in the sub-$500 dual-lens spherical capture market. $499.99. Tap for full review and where to buy. #gadgetstyle #techfinds #coolgadgets #outdoorgear #adventuretech #hikinggear #360camera #8k #actioncamera","https://www.gadgetstyle.com.au/product/insta360-x4-360-action-camera","","gadgetstyle techfinds coolgadgets outdoorgear adventuretech hikinggear 360camera 8k actioncamera"
"Anker 737 Power Bank 24,000mAh 140W","/images/mirrored/Anker-737-Power-Bank-PowerCore-24K-01.jpg","Everyday Carry & Accessories","/images/mirrored/Anker-737-Power-Bank-PowerCore-24K-01.jpg","At 645g and $149.99, the 737 sits at the top of Anker's consumer power bank lineup and competes directly with the Baseus Blade 2 and Zendure SuperTank Pro in the high-density, high-wattage portable charging segment. $149.99. Tap for full review and where to buy. #gadgetstyle #techfinds #coolgadgets #edc #everydaycarry #edctech #powerbank #usbc #140w","https://www.gadgetstyle.com.au/product/anker-737-power-bank-24-000mah-140w","","gadgetstyle techfinds coolgadgets edc everydaycarry edctech powerbank usbc 140w"
"CalDigit TS4 Thunderbolt 4 Dock (18 Ports)","/images/mirrored/CalDigit-TS4-Thunderbolt-4-18-Port-Dual-Display-Dock-01.jpg","Everyday Carry & Accessories","/images/mirrored/CalDigit-TS4-Thunderbolt-4-18-Port-Dual-Display-Dock-01.jpg","The CalDigit TS4 sits at the top of the Thunderbolt 4 dock category, competing directly with the OWC Thunderbolt 4 Hub, Kensington SD5700T, and Plugable TBT4-UDZ. $39.00. Tap for full review and where to buy. #gadgetstyle #techfinds #coolgadgets #edc #everydaycarry #edctech #thunderboltdock #usbchub #caldigit","https://www.gadgetstyle.com.au/product/caldigit-ts4-thunderbolt-4-dock-18-ports","","gadgetstyle techfinds coolgadgets edc everydaycarry edctech thunderboltdock usbchub caldigit"
"Apple MagSafe Charger with 15W Fast Charging","/images/mirrored/product_66_img1_40c7c3cf.webp","Everyday Carry & Accessories","/images/mirrored/product_66_img1_40c7c3cf.webp","Apple's proprietary magnetic wireless charging standard sits in a narrow but increasingly crowded space — Belkin, Anker, and Satechi all sell MagSafe-compatible pucks, and third-party options frequently undercut Apple's $39 asking price. $39.00. Tap for full review and where to buy. #gadgetstyle #techfinds #coolgadgets #edc #everydaycarry #edctech #wirelesscharger #magsafe #apple","https://www.gadgetstyle.com.au/product/apple-magsafe-charger-with-15w-fast-charging","","gadgetstyle techfinds coolgadgets edc everydaycarry edctech wirelesscharger magsafe apple"
"Bellroy Tech Kit Compact Organizer","/images/mirrored/Bellroy-Tech-Kit-01.jpg","Everyday Carry & Accessories","/images/mirrored/Bellroy-Tech-Kit-01.jpg","At $59, the Tech Kit Compact sits in the mid-tier of the cable-and-accessory organizer market — above the disposable Amazon basics (Bagsmart, Tomtoc entry-level) and below the premium leather-and-ballistic-nylon segment occupied by Peak Design's Field Pouch or Moment's Everything Pocket. $59.00. Tap for full review and where to buy. #gadgetstyle #techfinds #coolgadgets #edc #everydaycarry #edctech #techpouch #organizer #bellroy","https://www.gadgetstyle.com.au/product/bellroy-tech-kit-compact-organizer","","gadgetstyle techfinds coolgadgets edc everydaycarry edctech techpouch organizer bellroy"
"Roost V3 Portable Laptop Stand","/images/mirrored/omNKEXxgGVBQNVeY.jpg","Everyday Carry & Accessories","/images/mirrored/omNKEXxgGVBQNVeY.jpg","Portable laptop stands occupy a surprisingly competitive niche, and the Roost V3 sits at the premium end of it — priced above the $20–40 aluminum fold-flat competition (Nexstand K2, MOFT, Majextand) and targeting the frequent traveler who treats carry weight as a hard constraint. $71.96. Tap for full review and where to buy. #gadgetstyle #techfinds #coolgadgets #edc #everydaycarry #edctech #laptopstand #portable #ergonomic","https://www.gadgetstyle.com.au/product/roost-v3-portable-laptop-stand","","gadgetstyle techfinds coolgadgets edc everydaycarry edctech laptopstand portable ergonomic"
"Peak Design Everyday Backpack V2 20L","/images/mirrored/uLEtNUZZYpAtHuHu.jpg","Everyday Carry & Accessories","/images/mirrored/uLEtNUZZYpAtHuHu.jpg","The Everyday Backpack V2 sits at the premium end of the hybrid camera-carry segment, competing directly with the Shimoda Explore v2 20, Wandrd PRVKE 21, and F-Stop Ajna. $260.00. Tap for full review and where to buy. #gadgetstyle #techfinds #coolgadgets #edc #everydaycarry #edctech #backpack #peakdesign #camerabag","https://www.gadgetstyle.com.au/product/peak-design-everyday-backpack-v2-20l","","gadgetstyle techfinds coolgadgets edc everydaycarry edctech backpack peakdesign camerabag"
"Anker USB-C to USB-C Cable 100W (6ft, 2-Pack)","/images/mirrored/RWoSBypepIyjYEdx.jpg","Everyday Carry & Accessories","/images/mirrored/RWoSBypepIyjYEdx.jpg","At 6 feet and 100W rated, this sits in the workhorse tier of the USB-C cable market — not a Thunderbolt 4 precision instrument, not a dollar-bin throwaway. $17.99. Tap for full review and where to buy. #gadgetstyle #techfinds #coolgadgets #edc #everydaycarry #edctech #usbccable #100w #fastcharging","https://www.gadgetstyle.com.au/product/anker-usb-c-to-usb-c-cable-100w-6ft-2-pack","","gadgetstyle techfinds coolgadgets edc everydaycarry edctech usbccable 100w fastcharging"
"Samsung T7 Shield 2TB Portable SSD","/images/mirrored/xOokSjIiStsSUhWg.jpg","Everyday Carry & Accessories","/images/mirrored/xOokSjIiStsSUhWg.jpg","Samsung's portable SSD market has consolidated around three tiers: budget QLC drives that throttle under sustained load, mid-range TLC options that hold speed but sacrifice ruggedization, and a premium rugged segment where the T7 Shield competes directly against the WD My Passport SSD and SanDisk Extreme Pro. $399.99. Tap for full review and where to buy. #gadgetstyle #techfinds #coolgadgets #edc #everydaycarry #edctech #portablessd #2tb #samsung","https://www.gadgetstyle.com.au/product/samsung-t7-shield-2tb-portable-ssd","","gadgetstyle techfinds coolgadgets edc everydaycarry edctech portablessd 2tb samsung"
"Leatherman Wave+ Multi-Tool","/images/mirrored/product_72_img1_09b07f9b.jpg","Everyday Carry & Accessories","/images/mirrored/product_72_img1_09b07f9b.jpg","The Wave+ occupies the top of the mid-tier multi-tool bracket — above budget imports and Leatherman's own Skeletool, below the Charge+ TTi's titanium handles and S30V blade. $129.95. Tap for full review and where to buy. #gadgetstyle #techfinds #coolgadgets #edc #everydaycarry #edctech #multitool #leatherman #edc","https://www.gadgetstyle.com.au/product/leatherman-wave-multi-tool","","gadgetstyle techfinds coolgadgets edc everydaycarry edctech multitool leatherman edc"
"Nomad Base One Max MagSafe Charger","/images/mirrored/Nomad-Base-One-Max-MagSafe-charger-01.jpeg","Everyday Carry & Accessories","/images/mirrored/Nomad-Base-One-Max-MagSafe-charger-01.jpeg","At $149.95, the Base One Max sits at the premium end of the MagSafe puck-and-watch combo charger segment — a category anchored by competitors like Belkin's BoostCharge Pro and Anker's MagGo series, but increasingly populated by design-forward brands targeting the desk-as-status-signal buyer. $149.95. Tap for full review and where to buy. #gadgetstyle #techfinds #coolgadgets #edc #everydaycarry #edctech #wirelesscharger #magsafe #nomad","https://www.gadgetstyle.com.au/product/nomad-base-one-max-magsafe-charger","","gadgetstyle techfinds coolgadgets edc everydaycarry edctech wirelesscharger magsafe nomad"
"KeySmart Max Tile Tracker Key Organizer","/images/mirrored/ZFPGSBIRYVDbIhrq.jpg","Everyday Carry & Accessories","/images/mirrored/ZFPGSBIRYVDbIhrq.jpg","The compact key organizer market sits between two clear camps: cheap Swiss Army-style plastic folders and premium machined titanium builds like the Orbitkey 2.0 or Bellroy Key Cover Plus. $49.99. Tap for full review and where to buy. #gadgetstyle #techfinds #coolgadgets #edc #everydaycarry #edctech #keyorganizer #tracker #tile","https://www.gadgetstyle.com.au/product/keysmart-max-tile-tracker-key-organizer","","gadgetstyle techfinds coolgadgets edc everydaycarry edctech keyorganizer tracker tile"
"Anker Nano II 65W USB-C GaN Charger","/images/mirrored/product_75_img1_363afc96.webp","Everyday Carry & Accessories","/images/mirrored/product_75_img1_363afc96.webp","The Nano II 65W sits in the crowded single-port GaN wall charger segment, competing directly with the Ugreen Nexode 65W, Belkin's BoostCharge Pro 67W, and Apple's own 67W USB-C brick. $49.99. Tap for full review and where to buy. #gadgetstyle #techfinds #coolgadgets #edc #everydaycarry #edctech #gancharger #65w #usbc","https://www.gadgetstyle.com.au/product/anker-nano-ii-65w-usb-c-gan-charger","","gadgetstyle techfinds coolgadgets edc everydaycarry edctech gancharger 65w usbc"
"Apple AirTag 4-Pack Bluetooth Tracker","/images/mirrored/product_76_img1_99ec3150.webp","Everyday Carry & Accessories","/images/mirrored/product_76_img1_99ec3150.webp","Apple's item tracker sits at the premium end of a market that includes Tile Pro, Chipolo ONE, and Samsung SmartTag2 — but the competitive set is almost academic if the buyer is already in the Apple ecosystem. $99.00. Tap for full review and where to buy. #gadgetstyle #techfinds #coolgadgets #edc #everydaycarry #edctech #bluetoothtracker #apple #findmy","https://www.gadgetstyle.com.au/product/apple-airtag-4-pack-bluetooth-tracker","","gadgetstyle techfinds coolgadgets edc everydaycarry edctech bluetoothtracker apple findmy"
"Cricut Joy 2 Compact Cutting Machine","/images/mirrored/0_8TqufLdnPaoS1q2TVf47gH_1776414842348_na1fn_L2hvbWUvdWJ1bnR1L3VwbG9hZC9zZWFyY2hfaW1hZ2VzL09vSE5OOUZnWjI1Ug_5d0ae289.jpg","Smart Home","/images/mirrored/0_8TqufLdnPaoS1q2TVf47gH_1776414842348_na1fn_L2hvbWUvdWJ1bnR1L3VwbG9hZC9zZWFyY2hfaW1hZ2VzL09vSE5OOUZnWjI1Ug_5d0ae289.jpg","The Cricut Joy 2 sits at the entry-to-mid tier of the consumer vinyl cutter and craft plotter market — a category that also includes the Silhouette Cameo 4 Small, the Cricut Explore 4, and Brother's ScanNCut lineup. $99.00. Tap for full review and where to buy. #gadgetstyle #techfinds #coolgadgets #smarthome #homeautomation #smarthometech #officegadgets #diy #smarthome","https://www.gadgetstyle.com.au/product/cricut-joy-2-compact-cutting-machine","","gadgetstyle techfinds coolgadgets smarthome homeautomation smarthometech officegadgets diy smarthome"
"Sony INZONE M10S II OLED Gaming Monitor","/images/mirrored/1_LXSZKNgUbD1zVGJMUhVdeP_1776414831090_na1fn_L2hvbWUvdWJ1bnR1L3VwbG9hZC9zZWFyY2hfaW1hZ2VzL0NlOHgwZ2ZXOEplVg_d8a67e8f.jpg","Gaming & Accessories","/images/mirrored/1_LXSZKNgUbD1zVGJMUhVdeP_1776414831090_na1fn_L2hvbWUvdWJ1bnR1L3VwbG9hZC9zZWFyY2hfaW1hZ2VzL0NlOHgwZ2ZXOEplVg_d8a67e8f.jpg","The INZONE M10S II slots into the premium 27-inch OLED gaming monitor segment, competing directly with the LG UltraGear 27GS95QE and Alienware AW2725DF — all three drawing from the same LG Display WOLED or QD-OLED panel pool, differentiated primarily by firmware, stand engineering, and feature packaging. $1099.99. Tap for full review and where to buy. #gadgetstyle #techfinds #coolgadgets #gaming #gamersetup #pcgaming #gaming #oled #monitor","https://www.gadgetstyle.com.au/product/sony-inzone-m10s-ii-oled-gaming-monitor","","gadgetstyle techfinds coolgadgets gaming gamersetup pcgaming gaming oled monitor"
"LEGO Editions Cristiano Ronaldo – Soccer Highlights","/images/mirrored/2_7bwwB4Fzg0QlC4BolsOVSi_1776414842485_na1fn_L2hvbWUvdWJ1bnR1L3VwbG9hZC9zZWFyY2hfaW1hZ2VzL1IwbzdyRzhQNUpiVQ_baf155dd.jpg","Gaming & Accessories","/images/mirrored/2_7bwwB4Fzg0QlC4BolsOVSi_1776414842485_na1fn_L2hvbWUvdWJ1bnR1L3VwbG9hZC9zZWFyY2hfaW1hZ2VzL1IwbzdyRzhQNUpiVQ_baf155dd.jpg","The LEGO Editions line for licensed athlete figures sits in a niche between LEGO's own Icons series and its more affordable Creator sets — premium enough to justify display shelf placement, accessible enough to serve as an entry point for younger builders. $29.99. Tap for full review and where to buy. #gadgetstyle #techfinds #coolgadgets #gaming #gamersetup #pcgaming #collectibles #sports #lego","https://www.gadgetstyle.com.au/product/lego-editions-cristiano-ronaldo-soccer-highlights","","gadgetstyle techfinds coolgadgets gaming gamersetup pcgaming collectibles sports lego"
"Dyson HushJet Mini Cool","/images/mirrored/Dyson-HushJet-Mini-Cool-03.jpg","Smart Home","/images/mirrored/Dyson-HushJet-Mini-Cool-03.jpg","The personal cooling market splits cleanly between desk-bound AC units, traditional bladed fans, and the increasingly crowded bladeless portable segment — and the HushJet Mini Cool lands squarely in that last category, competing against the Dyson BP01 and a wave of cheaper bladeless alternatives from Dreo and Honeywell. $99.99. Tap for full review and where to buy. #gadgetstyle #techfinds #coolgadgets #smarthome #homeautomation #smarthometech #coolgadgets #portable #fan","https://www.gadgetstyle.com.au/product/dyson-hushjet-mini-cool","","gadgetstyle techfinds coolgadgets smarthome homeautomation smarthometech coolgadgets portable fan"
"Homture Magic Frame 10.1-Inch WiFi Digital Picture Frame","/images/mirrored/Homture-Magic-Frame-001.jpg","Smart Home","/images/mirrored/Homture-Magic-Frame-001.jpg","The 10.1-inch digital photo frame market sits between budget LCD units like the Aeezo Portrait and the premium tier anchored by Meural and Skylight — and the Magic Frame lands closer to the top end of the mid-range, competing directly with the Nixplay 10.1 and Aluratek Signage frames on hardware credentials while undercutting Meural's $200+ ask. $139.00. Tap for full review and where to buy. #gadgetstyle #techfinds #coolgadgets #smarthome #homeautomation #smarthometech #smarthome #ai #photoframe","https://www.gadgetstyle.com.au/product/homture-magic-frame-101-inch-wifi-digital-picture-frame","","gadgetstyle techfinds coolgadgets smarthome homeautomation smarthometech smarthome ai photoframe"
"Laifen SE 2 High-Speed Hair Dryer","/images/mirrored/product_82_img1_577d727d.jpg","Wearables & Fitness","/images/mirrored/product_82_img1_577d727d.jpg","The hair dryer market has bifurcated sharply: legacy appliance brands on one side, and a wave of high-speed brushless competitors — Laifen, Shark, Zuvi, Dyson — on the other. $149.99. Tap for full review and where to buy. #gadgetstyle #techfinds #coolgadgets #wearabletech #fitnesstracker #smartwatch #personalcare #hairdryer #tech","https://www.gadgetstyle.com.au/product/laifen-se-2-high-speed-hair-dryer","","gadgetstyle techfinds coolgadgets wearabletech fitnesstracker smartwatch personalcare hairdryer tech"
"roborock F25 GT Cordless All in One Wet Dry Vacuum Mop","/images/mirrored/roborock-F25-GT-Vacuum-Mop-01.jpg","Smart Home","/images/mirrored/roborock-F25-GT-Vacuum-Mop-01.jpg","The cordless wet-dry combo vacuum market sits in an awkward middle tier — above basic stick vacs, below robot mop systems, and constantly fighting the perception that no single device can do both jobs well. $239.99. Tap for full review and where to buy. #gadgetstyle #techfinds #coolgadgets #smarthome #homeautomation #smarthometech #smarthome #vacuum #cordless","https://www.gadgetstyle.com.au/product/roborock-f25-gt-cordless-all-in-one-wet-dry-vacuum-mop","","gadgetstyle techfinds coolgadgets smarthome homeautomation smarthometech smarthome vacuum cordless"
"roborock F25 Ultra Steam Wet Dry Vacuum Cleaner","/images/mirrored/roborock-F25-Ultra-Steam-Wet-Dry-Vacuum-Cleaner-02.jpg","Smart Home","/images/mirrored/roborock-F25-Ultra-Steam-Wet-Dry-Vacuum-Cleaner-02.jpg","Roborock's stick vacuum lineup has been pushing hard into the premium wet-dry segment, and the F25 Ultra Steam lands squarely against the Dyson WashG1 and Bissell CrossWave Ultra — except it adds a steam sanitization layer that neither competitor offers at this price point. $549.99. Tap for full review and where to buy. #gadgetstyle #techfinds #coolgadgets #smarthome #homeautomation #smarthometech #smarthome #vacuum #steam","https://www.gadgetstyle.com.au/product/roborock-f25-ultra-steam-wet-dry-vacuum-cleaner","","gadgetstyle techfinds coolgadgets smarthome homeautomation smarthometech smarthome vacuum steam"
"Skullcandy Push 540 Open: True Wireless Earbuds","/images/mirrored/product_86_img1_7e6d5d44.jpg","Audio & Sound","/images/mirrored/product_86_img1_7e6d5d44.jpg","Open-ear TWS is a crowded bracket in 2024, sitting between bone conduction (Shokz OpenRun Pro 2) and traditional sealed IEMs. $79.99. Tap for full review and where to buy. #gadgetstyle #techfinds #coolgadgets #audiophile #headphones #wirelessaudio #officegadgets #earbuds","https://www.gadgetstyle.com.au/product/skullcandy-push-540-open-true-wireless-earbuds","","gadgetstyle techfinds coolgadgets audiophile headphones wirelessaudio officegadgets earbuds"
"REDMAGIC 11 Air: Gaming Smartphone with Snapdragon 8 Elite","/images/mirrored/4_9aqTvGQtQTvQZaQj3hDT1k_1776414843006_na1fn_L2hvbWUvdWJ1bnR1L3VwbG9hZC9zZWFyY2hfaW1hZ2VzL3FwUUVEbWR4SFc4NA_c1285872.png","Gaming & Accessories","/images/mirrored/4_9aqTvGQtQTvQZaQj3hDT1k_1776414843006_na1fn_L2hvbWUvdWJ1bnR1L3VwbG9hZC9zZWFyY2hfaW1hZ2VzL3FwUUVEbWR4SFc4NA_c1285872.png","The REDMAGIC 11 Air slots into the mid-to-upper tier of the Android gaming phone segment, sitting between Nubia's own more affordable entries and the ceiling occupied by the REDMAGIC 10 Pro. $587.82. Tap for full review and where to buy. #gadgetstyle #techfinds #coolgadgets #gaming #gamersetup #pcgaming #geeky #ai","https://www.gadgetstyle.com.au/product/redmagic-11-air-gaming-smartphone-with-snapdragon-8-elite","","gadgetstyle techfinds coolgadgets gaming gamersetup pcgaming geeky ai"
"LumioClaw AI Projector Learning Buddy for Kids","/images/mirrored/product_89_img1_00ece155.jpg","Smart Home","/images/mirrored/product_89_img1_00ece155.jpg","The AI-powered children's learning companion sits in a genuinely odd product niche — somewhere between a smart display, an interactive projector, and an educational robot — and the LumioClaw occupies the more ambitious end of that space. $391.19. Tap for full review and where to buy. #gadgetstyle #techfinds #coolgadgets #smarthome #homeautomation #smarthometech #discount #smarthome #parents","https://www.gadgetstyle.com.au/product/lumioclaw-ai-projector-learning-buddy-for-kids","","gadgetstyle techfinds coolgadgets smarthome homeautomation smarthometech discount smarthome parents"
"4iiii Viiiiva ANT+ & Bluetooth Heart Rate Monitor","/images/mirrored/product_90_img1_b857f4a8.jpg","Wearables & Fitness","/images/mirrored/product_90_img1_b857f4a8.jpg","The Viiiiva sits at the premium end of the chest-strap heart rate monitor market, competing directly with the Polar H10 and Garmin HRM-Pro Plus in the sub-$100 dual-protocol segment. $99.99. Tap for full review and where to buy. #gadgetstyle #techfinds #coolgadgets #wearabletech #fitnesstracker #smartwatch #comingsoon #geeky","https://www.gadgetstyle.com.au/product/4iiii-viiiiva-ant-and-bluetooth-heart-rate-monitor","","gadgetstyle techfinds coolgadgets wearabletech fitnesstracker smartwatch comingsoon geeky"
"Sony INZONE H6 Air: Wired Open-Back Gaming Headset","/images/mirrored/product_91_img1_2b46233e.jpg","Audio & Sound","/images/mirrored/product_91_img1_2b46233e.jpg","At $199, the INZONE H6 Air occupies an increasingly contested space: open-back wired headsets aimed at PC and console gamers who want spatial accuracy over passive isolation. $199.99. Tap for full review and where to buy. #gadgetstyle #techfinds #coolgadgets #audiophile #headphones #wirelessaudio #playstation #gaming","https://www.gadgetstyle.com.au/product/sony-inzone-h6-air-wired-open-back-gaming-headset","","gadgetstyle techfinds coolgadgets audiophile headphones wirelessaudio playstation gaming"
"Insta360 Snap Selfie Screen","/images/mirrored/product_92_img1_af129635.jpg","Everyday Carry & Accessories","/images/mirrored/product_92_img1_af129635.jpg","The Insta360 Snap occupies a niche that sits between a dedicated flip-screen accessory and a portable monitor: a compact selfie-facing display that mounts to a smartphone and mirrors the rear camera feed over a wired connection. $79.99. Tap for full review and where to buy. #gadgetstyle #techfinds #coolgadgets #edc #everydaycarry #edctech #androidaccessories #useful","https://www.gadgetstyle.com.au/product/insta360-snap-selfie-screen","","gadgetstyle techfinds coolgadgets edc everydaycarry edctech androidaccessories useful"
"Unihertz Jelly Star Small Android 13 Smartphone","/images/mirrored/product_95_img1_0889c8d6.jpg","Everyday Carry & Accessories","/images/mirrored/product_95_img1_0889c8d6.jpg","The Jelly Star occupies a genuinely unusual corner of the Android market: the ultra-compact segment, where the competitive set is nearly empty. $219.99. Tap for full review and where to buy. #gadgetstyle #techfinds #coolgadgets #edc #everydaycarry #edctech #androidaccessories #uniquedesigns","https://www.gadgetstyle.com.au/product/unihertz-jelly-star-small-android-13-smartphone","","gadgetstyle techfinds coolgadgets edc everydaycarry edctech androidaccessories uniquedesigns"
"CORSAIR 3200D RS ARGB","/images/mirrored/product_97_img1_9543217b.jpg","Gaming & Accessories","/images/mirrored/product_97_img1_9543217b.jpg","The mid-tower ATX segment around $80 is genuinely contested — Fractal's Pop Air, the DeepCool CC560, and Phanteks' Eclipse P360A all fight for the same dollar. $79.99. Tap for full review and where to buy. #gadgetstyle #techfinds #coolgadgets #gaming #gamersetup #pcgaming #officegadgets #workspace","https://www.gadgetstyle.com.au/product/corsair-3200d-rs-argb","","gadgetstyle techfinds coolgadgets gaming gamersetup pcgaming officegadgets workspace"
"Lenovo Idea Tab Plus","/images/mirrored/product_98_img1_3aee5990.jpg","Everyday Carry & Accessories","/images/mirrored/product_98_img1_3aee5990.jpg","The Lenovo IdeaTab Plus lands in the crowded mid-range Android tablet segment, directly competing with the Samsung Galaxy Tab A9+ and the Xiaomi Pad 6 at roughly the same price band. $259.99. Tap for full review and where to buy. #gadgetstyle #techfinds #coolgadgets #edc #everydaycarry #edctech #coolgadgets","https://www.gadgetstyle.com.au/product/lenovo-idea-tab-plus","","gadgetstyle techfinds coolgadgets edc everydaycarry edctech coolgadgets"
"AULA WIN60 HE – 60% Magnetic Gaming Keyboard","/images/mirrored/7_5gPWgVXAONIV1vXw19Tz7U_1776414843531_na1fn_L2hvbWUvdWJ1bnR1L3VwbG9hZC9zZWFyY2hfaW1hZ2VzL005cGVGdW9LRXI4ZA_efe953ae.jpg","Gaming & Accessories","/images/mirrored/7_5gPWgVXAONIV1vXw19Tz7U_1776414843531_na1fn_L2hvbWUvdWJ1bnR1L3VwbG9hZC9zZWFyY2hfaW1hZ2VzL005cGVGdW9LRXI4ZA_efe953ae.jpg","Hall effect switches at $69.99 puts the WIN60 HE in direct competition with the Wooting 60HE and the Razer Huntsman V3 Pro Mini — both of which cost significantly more. $69.99. Tap for full review and where to buy. #gadgetstyle #techfinds #coolgadgets #gaming #gamersetup #pcgaming #tech #gaming","https://www.gadgetstyle.com.au/product/aula-win60-he-60-magnetic-gaming-keyboard","","gadgetstyle techfinds coolgadgets gaming gamersetup pcgaming tech gaming"
"Polaroid Hi-Print 3x3 Instant Photo Printer","/images/mirrored/product_108_img1_d32847b7.jpg","Everyday Carry & Accessories","/images/mirrored/product_108_img1_d32847b7.jpg","The 3x3 instant print space is a crowded one — Fujifilm's Instax Square Link, Canon's Ivy CLIQ series, and HP's Sprocket Studio all compete here — but the Hi-Print 3x3 carves a deliberate position as a Polaroid-branded social-format device aimed at the Instagram square aesthetic. $134.99. Tap for full review and where to buy. #gadgetstyle #techfinds #coolgadgets #edc #everydaycarry #edctech #photography #tech","https://www.gadgetstyle.com.au/product/polaroid-hi-print-3x3-instant-photo-printer","","gadgetstyle techfinds coolgadgets edc everydaycarry edctech photography tech"
"DXRACER MARTIAN Series: Gaming Chairs","/images/mirrored/product_109_img1_6ca32f29.jpg","Smart Home","/images/mirrored/product_109_img1_6ca32f29.jpg","The premium gaming chair segment has consolidated around a small number of credible players — Secretlab Titan Evo, Herman Miller x Logitech Embody, and the upper tier of DXRacer's own catalog. $699.00. Tap for full review and where to buy. #gadgetstyle #techfinds #coolgadgets #smarthome #homeautomation #smarthometech #gaming #furniture","https://www.gadgetstyle.com.au/product/dxracer-martian-series-gaming-chairs","","gadgetstyle techfinds coolgadgets smarthome homeautomation smarthometech gaming furniture"
"SanDisk Phone Drive with USB-C for iPhone and Mac","/images/mirrored/10_xZ0MDceMMq796Q1KB0t18O_1776414839940_na1fn_L2hvbWUvdWJ1bnR1L3VwbG9hZC9zZWFyY2hfaW1hZ2VzL3RQUFFraEhDdldURQ_b51ea33b.jpg","Everyday Carry & Accessories","/images/mirrored/10_xZ0MDceMMq796Q1KB0t18O_1776414839940_na1fn_L2hvbWUvdWJ1bnR1L3VwbG9hZC9zZWFyY2hfaW1hZ2VzL3RQUFFraEhDdldURQ_b51ea33b.jpg","At $69 for 256GB, the SanDisk Phone Drive sits in a narrow but genuinely useful niche: dual-connector flash storage designed specifically to bridge iPhone's Lightning port and USB-C hosts — MacBooks, iPads with USB-C, Android phones, or Windows machines. $69.00. Tap for full review and where to buy. #gadgetstyle #techfinds #coolgadgets #edc #everydaycarry #edctech #travel #iphone","https://www.gadgetstyle.com.au/product/sandisk-phone-drive-with-usb-c-for-iphone-and-mac","","gadgetstyle techfinds coolgadgets edc everydaycarry edctech travel iphone"
"Aqara Doorbell Camera G400 Wired 2K Smart Doorbell","/images/mirrored/product_111_img1_085ec67e.jpg","Smart Home","/images/mirrored/product_111_img1_085ec67e.jpg","At $99.99, the G400 sits in the upper-mid tier of wired smart doorbells — above the Reolink Video Doorbell and Eufy E340 on ecosystem breadth, but below the Nest Doorbell (wired) on cloud integration and the Arlo Video Doorbell on AI feature depth. $99.99. Tap for full review and where to buy. #gadgetstyle #techfinds #coolgadgets #smarthome #homeautomation #smarthometech #smarthome #smartliving","https://www.gadgetstyle.com.au/product/aqara-doorbell-camera-g400-wired-2k-smart-doorbell","","gadgetstyle techfinds coolgadgets smarthome homeautomation smarthometech smarthome smartliving"
"ROG Strix Morph 96 Wireless Keyboard","/images/mirrored/11_vlI5zbYDDPxXJyRKed92Fu_1776414848626_na1fn_L2hvbWUvdWJ1bnR1L3VwbG9hZC9zZWFyY2hfaW1hZ2VzL1hUemV3WlBHaGhqaA_019f9972.jpg","Gaming & Accessories","/images/mirrored/11_vlI5zbYDDPxXJyRKed92Fu_1776414848626_na1fn_L2hvbWUvdWJ1bnR1L3VwbG9hZC9zZWFyY2hfaW1hZ2VzL1hUemV3WlBHaGhqaA_019f9972.jpg","The 96% layout occupies a specific and increasingly contested niche between TKL and full-size boards — you get the numpad, lose the nav cluster bloat, and keep a compact footprint that still accommodates dedicated arrow keys and a condensed function row. $139.99. Tap for full review and where to buy. #gadgetstyle #techfinds #coolgadgets #gaming #gamersetup #pcgaming #tech #workspace","https://www.gadgetstyle.com.au/product/rog-strix-morph-96-wireless-keyboard","","gadgetstyle techfinds coolgadgets gaming gamersetup pcgaming tech workspace"
"Amazon Kindle Scribe Colorsoft 64GB Color eReader","/images/mirrored/12_9T5yy8IChZCj8c0715WoAu_1776414832700_na1fn_L2hvbWUvdWJ1bnR1L3VwbG9hZC9zZWFyY2hfaW1hZ2VzL1d0RTBSY2hPUlBOdA_24978b97.jpg","Everyday Carry & Accessories","/images/mirrored/12_9T5yy8IChZCj8c0715WoAu_1776414832700_na1fn_L2hvbWUvdWJ1bnR1L3VwbG9hZC9zZWFyY2hfaW1hZ2VzL1d0RTBSY2hPUlBOdA_24978b97.jpg","At $679, the Kindle Scribe Colorsoft sits at the premium end of the color e-ink writing tablet segment — a category that Remarkable 2, Kobo Elipsa 2E, and the Supernote A5X have been fighting over for years while Amazon watched from the sidelines with a monochrome product. $679.00. Tap for full review and where to buy. #gadgetstyle #techfinds #coolgadgets #edc #everydaycarry #edctech #comingsoon #notebooks","https://www.gadgetstyle.com.au/product/amazon-kindle-scribe-colorsoft-64gb-color-ereader","","gadgetstyle techfinds coolgadgets edc everydaycarry edctech comingsoon notebooks"
"Amazon Ember Artline 55"" 4K QLED Fire TV","/images/mirrored/product_116_img1_66b5e0f2.jpg","Smart Home","/images/mirrored/product_116_img1_66b5e0f2.jpg","The mid-size QLED segment at $900 is genuinely competitive — Samsung's QN85B and Hisense's U8 series both live near this price point, and TCL's QM8 undercuts it. $899.99. Tap for full review and where to buy. #gadgetstyle #techfinds #coolgadgets #smarthome #homeautomation #smarthometech #ces #tech","https://www.gadgetstyle.com.au/product/amazon-ember-artline-55-4k-qled-fire-tv","","gadgetstyle techfinds coolgadgets smarthome homeautomation smarthometech ces tech"
"Amazon Kindle Scribe 64GB 11"" e-reader with pen","/images/mirrored/13_M3gYGIOyOdk0JFeqOoKBsz_1776414844041_na1fn_L2hvbWUvdWJ1bnR1L3VwbG9hZC9zZWFyY2hfaW1hZ2VzL1REZERSZnozODNKQw_f0afaab9.jpg","Everyday Carry & Accessories","/images/mirrored/13_M3gYGIOyOdk0JFeqOoKBsz_1776414844041_na1fn_L2hvbWUvdWJ1bnR1L3VwbG9hZC9zZWFyY2hfaW1hZ2VzL1REZERSZnozODNKQw_f0afaab9.jpg","The Kindle Scribe sits at the premium end of the e-ink tablet category, competing directly with the reMarkable 2, Kobo Elipsa 2E, and — depending on buyer priorities — the lower-end iPad mini running Kindle or GoodNotes. $549.99. Tap for full review and where to buy. #gadgetstyle #techfinds #coolgadgets #edc #everydaycarry #edctech #workspace #officegadgets","https://www.gadgetstyle.com.au/product/amazon-kindle-scribe-64gb-11-ereader-with-pen","","gadgetstyle techfinds coolgadgets edc everydaycarry edctech workspace officegadgets"
"Amazon Echo Studio (2025) Spatial Smart Speaker","/images/mirrored/product_118_img1_9da3f729.jpg","Audio & Sound","/images/mirrored/product_118_img1_9da3f729.jpg","The Echo Studio has occupied a specific niche since 2019: the only mainstream spatial audio speaker under $300 that doesn't require a paired soundbar or receiver. $220.00. Tap for full review and where to buy. #gadgetstyle #techfinds #coolgadgets #audiophile #headphones #wirelessaudio #alexa #homemedia","https://www.gadgetstyle.com.au/product/amazon-echo-studio-2025-spatial-smart-speaker","","gadgetstyle techfinds coolgadgets audiophile headphones wirelessaudio alexa homemedia"
"Amazon Fire TV Omni QLED Series (50""-75"")","/images/mirrored/14_YEpujKr5ywil8TOFxTUA6P_1776414842845_na1fn_L2hvbWUvdWJ1bnR1L3VwbG9hZC9zZWFyY2hfaW1hZ2VzL2xjb245c0tlSHpvNA_612b3180.jpg","Smart Home","/images/mirrored/14_YEpujKr5ywil8TOFxTUA6P_1776414842845_na1fn_L2hvbWUvdWJ1bnR1L3VwbG9hZC9zZWFyY2hfaW1hZ2VzL2xjb245c0tlSHpvNA_612b3180.jpg","The Fire TV Omni QLED sits in the mid-range 4K QLED segment at $449.99 for the 50-inch entry point, competing directly with TCL's QM8 series, Hisense's U7 and U8 lines, and Vizio's P-Series Quantum X — all of which have been eating Amazon's lunch on raw panel performance for the past two years. $449.99. Tap for full review and where to buy. #gadgetstyle #techfinds #coolgadgets #smarthome #homeautomation #smarthometech #ai #tech","https://www.gadgetstyle.com.au/product/amazon-fire-tv-omni-qled-series-50-75","","gadgetstyle techfinds coolgadgets smarthome homeautomation smarthometech ai tech"
"Amazon Echo Show 8 (4th Generation, 2025)","/images/mirrored/15_oQvytrCrkaUrDurwbHOzSM_1776414830305_na1fn_L2hvbWUvdWJ1bnR1L3VwbG9hZC9zZWFyY2hfaW1hZ2VzL1dPUzR4dE81SGJZeQ_d0f9036b.jpg","Smart Home","/images/mirrored/15_oQvytrCrkaUrDurwbHOzSM_1776414830305_na1fn_L2hvbWUvdWJ1bnR1L3VwbG9hZC9zZWFyY2hfaW1hZ2VzL1dPUzR4dE81SGJZeQ_d0f9036b.jpg","The smart display category in 2025 sits between two clear poles: Google's Nest Hub Max at the high end and Amazon's own entry-level Echo Show 5 at the bottom. $179.99. Tap for full review and where to buy. #gadgetstyle #techfinds #coolgadgets #smarthome #homeautomation #smarthometech #alexa #smarthome","https://www.gadgetstyle.com.au/product/amazon-echo-show-8-4th-generation-2025","","gadgetstyle techfinds coolgadgets smarthome homeautomation smarthometech alexa smarthome"
"Amazon Echo Dot Max Smart Speaker with Room-Filling Sound","/images/mirrored/17_qxVPO33x9oc8GMxOEP1tsG_1776414844311_na1fn_L2hvbWUvdWJ1bnR1L3VwbG9hZC9zZWFyY2hfaW1hZ2VzL0ZDWjlIemZ6WEFQVA_a8d74a98.jpg","Audio & Sound","/images/mirrored/17_qxVPO33x9oc8GMxOEP1tsG_1776414844311_na1fn_L2hvbWUvdWJ1bnR1L3VwbG9hZC9zZWFyY2hfaW1hZ2VzL0ZDWjlIemZ6WEFQVA_a8d74a98.jpg","The smart speaker market at $99 sits in a genuinely contested band — above the commodity Bluetooth-only tier and below the premium multi-driver category occupied by the Sonos Era 100 and Apple HomePod mini's successor. $99.99. Tap for full review and where to buy. #gadgetstyle #techfinds #coolgadgets #audiophile #headphones #wirelessaudio #tech #homemedia","https://www.gadgetstyle.com.au/product/amazon-echo-dot-max-smart-speaker-with-room-filling-sound","","gadgetstyle techfinds coolgadgets audiophile headphones wirelessaudio tech homemedia"
"Amazon Echo Show 11 Smart Display with AZ3 Pro Chip","/images/mirrored/18_vECxqrtsVupttDwmzlmKj3_1776414833262_na1fn_L2hvbWUvdWJ1bnR1L3VwbG9hZC9zZWFyY2hfaW1hZ2VzLzhNbjVNYWY2b0RKcA_b0bf058a.jpg","Smart Home","/images/mirrored/18_vECxqrtsVupttDwmzlmKj3_1776414833262_na1fn_L2hvbWUvdWJ1bnR1L3VwbG9hZC9zZWFyY2hfaW1hZ2VzLzhNbjVNYWY2b0RKcA_b0bf058a.jpg","The smart display segment has consolidated around a handful of serious contenders — Google's Nest Hub Max, Lenovo's Smart Display line, and Amazon's own Echo Show family — and an 11-inch entry at $219.99 puts this squarely between the 10-inch Echo Show 10 and the 15-inch wall-mount tier. $219.99. Tap for full review and where to buy. #gadgetstyle #techfinds #coolgadgets #smarthome #homeautomation #smarthometech #smartliving #kitchen","https://www.gadgetstyle.com.au/product/amazon-echo-show-11-smart-display-with-az3-pro-chip","","gadgetstyle techfinds coolgadgets smarthome homeautomation smarthometech smartliving kitchen"
"Amazon eero Signal with Flexible Placement","/images/mirrored/19_DmHJ2bHMPQcUNOGKsFgiMu_1776414848976_na1fn_L2hvbWUvdWJ1bnR1L3VwbG9hZC9zZWFyY2hfaW1hZ2VzLzRWTjVRSmtra1ZaTQ_052330e5.jpg","Smart Home","/images/mirrored/19_DmHJ2bHMPQcUNOGKsFgiMu_1776414848976_na1fn_L2hvbWUvdWJ1bnR1L3VwbG9hZC9zZWFyY2hfaW1hZ2VzLzRWTjVRSmtra1ZaTQ_052330e5.jpg","The eero Signal lands in the sub-$100 mesh node and compact router segment, competing directly with the TP-Link Deco XE75 Pro's satellite units and the Google Nest WiFi Pro's add-on nodes. $79.99. Tap for full review and where to buy. #gadgetstyle #techfinds #coolgadgets #smarthome #homeautomation #smarthometech #smarthome #workspace","https://www.gadgetstyle.com.au/product/amazon-eero-signal-with-flexible-placement","","gadgetstyle techfinds coolgadgets smarthome homeautomation smarthometech smarthome workspace"
"Amazon Kindle Colorsoft Kids eReader with 16GB Storage","/images/mirrored/20_gTAi9CYC9Mz9xziKUR6n5I_1776414848474_na1fn_L2hvbWUvdWJ1bnR1L3VwbG9hZC9zZWFyY2hfaW1hZ2VzL0dINTMyb3QzbnRUWA_958a4267.jpg","Everyday Carry & Accessories","/images/mirrored/20_gTAi9CYC9Mz9xziKUR6n5I_1776414848474_na1fn_L2hvbWUvdWJ1bnR1L3VwbG9hZC9zZWFyY2hfaW1hZ2VzL0dINTMyb3QzbnRUWA_958a4267.jpg","The Colorsoft Kids sits at the premium end of the dedicated e-reader market — a category where Amazon's own lineup is the primary competition — and it's the first color e-ink device Amazon has aimed squarely at younger readers. $269.99. Tap for full review and where to buy. #gadgetstyle #techfinds #coolgadgets #edc #everydaycarry #edctech #forkids #tech","https://www.gadgetstyle.com.au/product/amazon-kindle-colorsoft-kids-ereader-with-16gb-storage","","gadgetstyle techfinds coolgadgets edc everydaycarry edctech forkids tech"
"Amazon Kindle Colorsoft 16GB with a paper-like display","/images/mirrored/21_tB6Amg58ijPaUzhoj35cCA_1776414856472_na1fn_L2hvbWUvdWJ1bnR1L3VwbG9hZC9zZWFyY2hfaW1hZ2VzL2FMa1pZNDZ4cjJ6ZA_6e5b009f.jpg","Everyday Carry & Accessories","/images/mirrored/21_tB6Amg58ijPaUzhoj35cCA_1776414856472_na1fn_L2hvbWUvdWJ1bnR1L3VwbG9hZC9zZWFyY2hfaW1hZ2VzL2FMa1pZNDZ4cjJ6ZA_6e5b009f.jpg","Amazon's mid-tier color e-reader enters a field that, until recently, had only one credible competitor: the Kobo Libra Colour. $234.99. Tap for full review and where to buy. #gadgetstyle #techfinds #coolgadgets #edc #everydaycarry #edctech #tech #travel","https://www.gadgetstyle.com.au/product/amazon-kindle-colorsoft-16gb-with-a-paper-like-display","","gadgetstyle techfinds coolgadgets edc everydaycarry edctech tech travel"
"GoPro MISSION 1 PRO Series Cinema Cameras","/images/mirrored/GoPro-Mission-1-Series-01.jpg","Everyday Carry & Accessories","/images/mirrored/GoPro-Mission-1-Series-01.jpg","Description pending. $0.00. Tap for full review and where to buy. #gadgetstyle #techfinds #coolgadgets #edc #everydaycarry #edctech #photographersparadise #actioncameras","https://www.gadgetstyle.com.au/product/gopro-mission-1-pro-series-cinema-cameras","","gadgetstyle techfinds coolgadgets edc everydaycarry edctech photographersparadise actioncameras"
"Anker Nano Power Strip (10-in-1, 70W, Clamp)","/images/mirrored/Anker-Nano-Power-Strip-10-in-1-70W-Clamp-03.jpg","Everyday Carry & Accessories","/images/mirrored/Anker-Nano-Power-Strip-10-in-1-70W-Clamp-03.jpg","The Anker Nano Power Strip sits in the mid-tier desktop power station category, competing directly with Belkin's 12-outlet surge protectors and Kensington's clamp-mount office strips. $69.99. Tap for full review and where to buy. #gadgetstyle #techfinds #coolgadgets #edc #everydaycarry #edctech #computeraccessories","https://www.gadgetstyle.com.au/product/anker-nano-power-strip-10-in-1-70w-clamp","","gadgetstyle techfinds coolgadgets edc everydaycarry edctech computeraccessories"
"Denon Home 600","/images/mirrored/Denon-Home-600-01.jpg","Audio & Sound","/images/mirrored/Denon-Home-600-01.jpg","The Home 600 sits at the premium end of the standalone wireless soundbar-adjacent speaker category — think less ""TV companion"" and more ""serious room-filling stereo system in a single enclosure."" At $799, it competes directly with the Sonos Era 300, Bose Smart Speaker 900, and the upper tier of Klipsch's The One lineup. $799.00. Tap for full review and where to buy. #gadgetstyle #techfinds #coolgadgets #audiophile #headphones #wirelessaudio #dolbyatmos","https://www.gadgetstyle.com.au/product/denon-home-600","","gadgetstyle techfinds coolgadgets audiophile headphones wirelessaudio dolbyatmos"
"DJI Osmo Pocket 4 Gimbal Camera","/images/mirrored/DJI-Osmo-Pocket-4-01.jpg","Everyday Carry & Accessories","/images/mirrored/DJI-Osmo-Pocket-4-01.jpg","The Osmo Pocket line has always occupied a specific and contested niche: pocket-sized 3-axis mechanical gimbal cameras aimed at run-and-gun creators who want stabilized footage without the bulk of a mirrorless rig or the rolling-shutter punishment of an action cam. $497.00. Tap for full review and where to buy. #gadgetstyle #techfinds #coolgadgets #edc #everydaycarry #edctech #photographersparadise #actioncameras","https://www.gadgetstyle.com.au/product/dji-osmo-pocket-4-gimbal-camera","","gadgetstyle techfinds coolgadgets edc everydaycarry edctech photographersparadise actioncameras"
"Samsung Galaxy A57 5G Smartphone","/images/mirrored/Samsung-Galaxy-A57-01.jpg","Everyday Carry & Accessories","/images/mirrored/Samsung-Galaxy-A57-01.jpg","The Galaxy A57 5G sits in Samsung's mid-range A-series tier, competing directly with the Google Pixel 8a, OnePlus Nord 4, and Motorola Edge 50 Pro in the $500–$600 corridor — a bracket that has become genuinely competitive over the past two years. $549.99. Tap for full review and where to buy. #gadgetstyle #techfinds #coolgadgets #edc #everydaycarry #edctech #5ggadgets","https://www.gadgetstyle.com.au/product/samsung-galaxy-a57-5g-smartphone","","gadgetstyle techfinds coolgadgets edc everydaycarry edctech 5ggadgets"
"Huawei Pura X Max Foldable Phone","/images/mirrored/Huawei-Pura-X-Max-02.jpg","Everyday Carry & Accessories","/images/mirrored/Huawei-Pura-X-Max-02.jpg","Description pending. $0.00. Tap for full review and where to buy. #gadgetstyle #techfinds #coolgadgets #edc #everydaycarry #edctech #comingsoon","https://www.gadgetstyle.com.au/product/huawei-pura-x-max-foldable-phone","","gadgetstyle techfinds coolgadgets edc everydaycarry edctech comingsoon"
"Samsung Galaxy A37 5G Smartphone","/images/mirrored/Samsung-Galaxy-A37-01.jpg","Everyday Carry & Accessories","/images/mirrored/Samsung-Galaxy-A37-01.jpg","The Galaxy A37 5G lands squarely in the crowded upper-midrange Android segment — above the basic 5G traffic at $300 and below Samsung's own Galaxy S24 FE. $449.99. Tap for full review and where to buy. #gadgetstyle #techfinds #coolgadgets #edc #everydaycarry #edctech #5ggadgets","https://www.gadgetstyle.com.au/product/samsung-galaxy-a37-5g-smartphone","","gadgetstyle techfinds coolgadgets edc everydaycarry edctech 5ggadgets"
"8BitDo Retro 68 Keyboard – AP50th Limited Edition","/images/mirrored/8BitDo-Retro-68-Keyboard-AP50th-Limited-Edition-01.jpg","Gaming & Accessories","/images/mirrored/8BitDo-Retro-68-Keyboard-AP50th-Limited-Edition-01.jpg","The Retro 68 AP50th sits squarely in the boutique mechanical keyboard segment — specifically the 65% wireless tier where it competes with boards like the Keychron Q2 Pro, Mode Sixty-Five, and NuPhy Halo65. $499.99. Tap for full review and where to buy. #gadgetstyle #techfinds #coolgadgets #gaming #gamersetup #pcgaming #androidaccessories","https://www.gadgetstyle.com.au/product/8bitdo-retro-68-keyboard-ap50th-limited-edition","","gadgetstyle techfinds coolgadgets gaming gamersetup pcgaming androidaccessories"
"CORSAIR 3200D RS ARGB: Mid-Tower PC Case","/images/mirrored/CORSAIR-3200D-RS-ARGB-02.jpg","Everyday Carry & Accessories","/images/mirrored/CORSAIR-3200D-RS-ARGB-02.jpg","The 3200D RS ARGB sits in the sub-$100 mid-tower segment, which is one of the most competitive price brackets in PC cases right now. $79.99. Tap for full review and where to buy. #gadgetstyle #techfinds #coolgadgets #edc #everydaycarry #edctech #computeraccessories","https://www.gadgetstyle.com.au/product/corsair-3200d-rs-argb-mid-tower-pc-case","","gadgetstyle techfinds coolgadgets edc everydaycarry edctech computeraccessories"
"ULTIMAL Rugged Case with Band for Apple Watch Ultra","/images/mirrored/ULTIMAL-Rugged-Case-with-Band-for-Apple-Watch-03.jpg","Wearables & Fitness","/images/mirrored/ULTIMAL-Rugged-Case-with-Band-for-Apple-Watch-03.jpg","The ULTIMAL sits squarely in the rugged case-and-band combo market for Apple Watch Ultra — a niche that's surprisingly competitive, with players like Supcase, Spigen's Rugged Armor Pro, and Catalyst's Total Protection fighting for the same buyer. $39.99. Tap for full review and where to buy. #gadgetstyle #techfinds #coolgadgets #wearabletech #fitnesstracker #smartwatch #applewatchaccessories","https://www.gadgetstyle.com.au/product/ultimal-rugged-case-with-band-for-apple-watch-ultra","","gadgetstyle techfinds coolgadgets wearabletech fitnesstracker smartwatch applewatchaccessories"
"MSI HERALD BE9400","/images/mirrored/MSI-HERALD-BE9400-01.jpg","Everyday Carry & Accessories","/images/mirrored/MSI-HERALD-BE9400-01.jpg","At $49.99, the HERALD BE9400 sits in the budget-to-mid tier of PCIe Wi-Fi adapters, a category currently being reshuffled by the arrival of affordable 802.11be silicon. $49.99. Tap for full review and where to buy. #gadgetstyle #techfinds #coolgadgets #edc #everydaycarry #edctech #computeraccessories","https://www.gadgetstyle.com.au/product/msi-herald-be9400","","gadgetstyle techfinds coolgadgets edc everydaycarry edctech computeraccessories"
"NuPhy Air 65 V3","/images/mirrored/NuPhy-Air-65-V3-01.jpg","Gaming & Accessories","/images/mirrored/NuPhy-Air-65-V3-01.jpg","The Air 65 V3 sits in the increasingly competitive $100–$150 wireless 65% segment, going up against the Keychron Q2 Pro, Monsgeek M1W, and Epomaker TH65. $129.95. Tap for full review and where to buy. #gadgetstyle #techfinds #coolgadgets #gaming #gamersetup #pcgaming #computeraccessories #computerkeyboards","https://www.gadgetstyle.com.au/product/nuphy-air-65-v3","","gadgetstyle techfinds coolgadgets gaming gamersetup pcgaming computeraccessories computerkeyboards"
"Vastnaut One","/images/mirrored/Vastnaut-One-02.jpg","Wearables & Fitness","/images/mirrored/Vastnaut-One-02.jpg","The Vastnaut One enters the powered exoskeleton assist market at a price point that reads like a misprint — $10 is almost certainly a deposit or reservation figure rather than a final MSRP, and prospective buyers should treat it as such. $10.00. Tap for full review and where to buy. #gadgetstyle #techfinds #coolgadgets #wearabletech #fitnesstracker #smartwatch #accessibility","https://www.gadgetstyle.com.au/product/vastnaut-one","","gadgetstyle techfinds coolgadgets wearabletech fitnesstracker smartwatch accessibility"
"OPPO A6k Smartphone","/images/mirrored/OPPO-A6k-01-1.jpg","Everyday Carry & Accessories","/images/mirrored/OPPO-A6k-01-1.jpg","At $175, the A6k sits at the practical floor of the budget 5G-adjacent Android market — except it isn't 5G at all, which is the first thing the spec-aware buyer needs to know. $175.00. Tap for full review and where to buy. #gadgetstyle #techfinds #coolgadgets #edc #everydaycarry #edctech #5ggadgets","https://www.gadgetstyle.com.au/product/oppo-a6k-smartphone","","gadgetstyle techfinds coolgadgets edc everydaycarry edctech 5ggadgets"
"Motorola razr FIFA World Cup 26 Edition","/images/mirrored/Motorola-razr-FIFA-World-Cup-26-Edition-04.jpg","Everyday Carry & Accessories","/images/mirrored/Motorola-razr-FIFA-World-Cup-26-Edition-04.jpg","The razr FIFA World Cup 26 Edition drops into the mid-range flip phone segment at $699.99, competing directly with the Samsung Galaxy Z Flip6 and Nothing Phone (3a) fold-adjacent tier rather than against Motorola's own razr+ line. $699.99. Tap for full review and where to buy. #gadgetstyle #techfinds #coolgadgets #edc #everydaycarry #edctech #5ggadgets","https://www.gadgetstyle.com.au/product/motorola-razr-fifa-world-cup-26-edition","","gadgetstyle techfinds coolgadgets edc everydaycarry edctech 5ggadgets"
"Dell Pro 5 Micro Desktop","/images/mirrored/Dell-Pro-5-Micro-Desktop-04.jpg","Everyday Carry & Accessories","/images/mirrored/Dell-Pro-5-Micro-Desktop-04.jpg","The Dell Pro 5 sits in the compact/mini-PC segment alongside the Intel NUC 14 Pro, Lenovo ThinkCentre M90q Gen 5, and HP EliteDesk 800 G9 Mini — a category defined by thermal envelopes under 100W and chassis volumes under one liter. $1409.00. Tap for full review and where to buy. #gadgetstyle #techfinds #coolgadgets #edc #everydaycarry #edctech #contentcreators","https://www.gadgetstyle.com.au/product/dell-pro-5-micro-desktop","","gadgetstyle techfinds coolgadgets edc everydaycarry edctech contentcreators"
"Keychron G3 Ultra Light Wireless Mouse","/images/mirrored/Keychron-G3-Ultra-Light-Wireless-Mouse-04.jpg","Gaming & Accessories","/images/mirrored/Keychron-G3-Ultra-Light-Wireless-Mouse-04.jpg","At 44 grams, the G3 Ultra sits in the upper tier of ultralight wireless mice — a category currently defined by the Lamzu Atlantis Mini, Logitech G Pro X Superlight 2, and Razer Viper V3 HyperSpeed. $109.99. Tap for full review and where to buy. #gadgetstyle #techfinds #coolgadgets #gaming #gamersetup #pcgaming #computeraccessories","https://www.gadgetstyle.com.au/product/keychron-g3-ultra-light-wireless-mouse","","gadgetstyle techfinds coolgadgets gaming gamersetup pcgaming computeraccessories"
"GSI Outdoors Glacier Insulated Travel Stack","/images/mirrored/GSI-Outdoors-Glacier-02.jpg","Everyday Carry & Accessories","/images/mirrored/GSI-Outdoors-Glacier-02.jpg","The Glacier Insulated Travel Stack occupies a specific niche: modular insulated carry systems for people who want consolidated food-and-drink transport without committing to a dedicated lunch box or a bulky cooler bag. $39.95. Tap for full review and where to buy. #gadgetstyle #techfinds #coolgadgets #edc #everydaycarry #edctech #bagsandbackpacks","https://www.gadgetstyle.com.au/product/gsi-outdoors-glacier-insulated-travel-stack","","gadgetstyle techfinds coolgadgets edc everydaycarry edctech bagsandbackpacks"
"ASUS Zenbook A14 (UX3407) Laptop","/images/mirrored/ASUS-ZenBook-A14-01.jpg","Everyday Carry & Accessories","/images/mirrored/ASUS-ZenBook-A14-01.jpg","At 2.18 lbs, the Zenbook A14 UX3407 is playing directly in the ultraportable premium tier alongside the LG Gram 14 and the MacBook Air M4 — but it's the only one in that weight class built around Qualcomm's Snapdragon X Elite platform in a chassis that uses ASUS's proprietary Ceraluminum, a ceramic-aluminum composite that lands somewhere between magnesium-alloy flex and… $1599.99. Tap for full review and where to buy. #gadgetstyle #techfinds #coolgadgets #edc #everydaycarry #edctech #computeraccessories","https://www.gadgetstyle.com.au/product/asus-zenbook-a14-ux3407-laptop","","gadgetstyle techfinds coolgadgets edc everydaycarry edctech computeraccessories"
"Sony BRAVIA Theatre Bar 5 Soundbar","/images/mirrored/BRAVIA-Theater-Bar-5-03.jpg","Audio & Sound","/images/mirrored/BRAVIA-Theater-Bar-5-03.jpg","The HT-B500 sits in the increasingly crowded $300–$400 single-bar segment — a price tier where Sonos, Samsung, and Vizio are all fighting hard. $349.99. Tap for full review and where to buy. #gadgetstyle #techfinds #coolgadgets #audiophile #headphones #wirelessaudio #dolbyatmos","https://www.gadgetstyle.com.au/product/sony-bravia-theatre-bar-5-soundbar","","gadgetstyle techfinds coolgadgets audiophile headphones wirelessaudio dolbyatmos"
"TESSAN Voyager 205 8-in-1 Universal Travel Adapter","/images/mirrored/TESSAN-Voyager-205-new-01.jpg","Everyday Carry & Accessories","/images/mirrored/TESSAN-Voyager-205-new-01.jpg","At $128, the Voyager 205 sits at the premium end of the travel adapter market — above the Anker 727 and EPICKA Universal but below dedicated GaN charger bricks that sacrifice plug flexibility for raw output. $128.00. Tap for full review and where to buy. #gadgetstyle #techfinds #coolgadgets #edc #everydaycarry #edctech #ces #bestproductsatces2026","https://www.gadgetstyle.com.au/product/tessan-voyager-205-8-in-1-universal-travel-adapter","","gadgetstyle techfinds coolgadgets edc everydaycarry edctech ces bestproductsatces2026"
"TESSAN PD 65W USB C Charging Station CS07","/images/mirrored/TESSAN-PD-65W-USB-C-Charging-Station-CS07-02.jpeg","Everyday Carry & Accessories","/images/mirrored/TESSAN-PD-65W-USB-C-Charging-Station-CS07-02.jpeg","The CS07 sits in the mid-tier desktop charging station segment — a category crowded by Anker's 727 and Baseus's GaN2 Pro lineup — but targets the 65W GaN sweet spot where most productivity users actually live. $69.99. Tap for full review and where to buy. #gadgetstyle #techfinds #coolgadgets #edc #everydaycarry #edctech #bestpowerbanks","https://www.gadgetstyle.com.au/product/tessan-pd-65w-usb-c-charging-station-cs07","","gadgetstyle techfinds coolgadgets edc everydaycarry edctech bestpowerbanks"
"Amazon Kindle Scribe Colorsoft 64GB eReader and Digital Notebook","/images/mirrored/Amazon-Kindle-Scribe-Colorsoft-64GB-eReader-01.jpeg","Everyday Carry & Accessories","/images/mirrored/Amazon-Kindle-Scribe-Colorsoft-64GB-eReader-01.jpeg","The Kindle Scribe Colorsoft lands in a specific and increasingly crowded corner of the e-ink tablet market: large-format color e-readers that double as handwriting-capable notebooks. $679.99. Tap for full review and where to buy. #gadgetstyle #techfinds #coolgadgets #edc #everydaycarry #edctech #comingsoon","https://www.gadgetstyle.com.au/product/amazon-kindle-scribe-colorsoft-64gb-ereader-and-digital-notebook","","gadgetstyle techfinds coolgadgets edc everydaycarry edctech comingsoon"
"Amazon Ember Artline 55″ QLED Fire TV","/images/mirrored/Amazon-Ember-Artline-01.jpeg","Everyday Carry & Accessories","/images/mirrored/Amazon-Ember-Artline-01.jpeg","Description pending. $0.00. Tap for full review and where to buy. #gadgetstyle #techfinds #coolgadgets #edc #everydaycarry #edctech #amazonalexagadgets","https://www.gadgetstyle.com.au/product/amazon-ember-artline-55-qled-fire-tv","","gadgetstyle techfinds coolgadgets edc everydaycarry edctech amazonalexagadgets"
"Amazon Kindle Scribe 2025 11″ E-Reader","/images/mirrored/Kindle-Scribe-2025-01.jpg","Everyday Carry & Accessories","/images/mirrored/Kindle-Scribe-2025-01.jpg","The Kindle Scribe sits at the top of Amazon's e-reader lineup, competing directly with the reMarkable Paper Pro and Kobo Elipsa 2E in the 10–13-inch writing-focused e-ink segment. $549.99. Tap for full review and where to buy. #gadgetstyle #techfinds #coolgadgets #edc #everydaycarry #edctech #officegadgets #bestpensforwriting","https://www.gadgetstyle.com.au/product/amazon-kindle-scribe-2025-11-e-reader","","gadgetstyle techfinds coolgadgets edc everydaycarry edctech officegadgets bestpensforwriting"
"Amazon Echo Studio 2025 Smart Speaker","/images/mirrored/Amazon-Echo-Studio-2025-01.jpg","Audio & Sound","/images/mirrored/Amazon-Echo-Studio-2025-01.jpg","The premium smart speaker segment has consolidated around a few serious contenders — the Sonos Era 300, Apple HomePod (2nd gen), and now the refreshed Echo Studio sitting at $219.99. $219.99. Tap for full review and where to buy. #gadgetstyle #techfinds #coolgadgets #audiophile #headphones #wirelessaudio #amazonalexagadgets","https://www.gadgetstyle.com.au/product/amazon-echo-studio-2025-smart-speaker","","gadgetstyle techfinds coolgadgets audiophile headphones wirelessaudio amazonalexagadgets"
"Amazon Fire TV Omni QLED Series","/images/mirrored/Amazon-Fire-TV-Omni-QLED-Series-01.jpg","Smart Home","/images/mirrored/Amazon-Fire-TV-Omni-QLED-Series-01.jpg","The Fire TV Omni QLED sits in the increasingly crowded mid-range smart TV segment, competing directly with TCL's QM8 series, Hisense's U8N, and Vizio's M-Series Quantum X — all of which fight for the $400–$550 bracket where QLED quantum dot filtering and full-array local dimming have become table stakes. $479.99. Tap for full review and where to buy. #gadgetstyle #techfinds #coolgadgets #smarthome #homeautomation #smarthometech #coolestaigadgets","https://www.gadgetstyle.com.au/product/amazon-fire-tv-omni-qled-series","","gadgetstyle techfinds coolgadgets smarthome homeautomation smarthometech coolestaigadgets"
"Amazon Kindle Scribe Colorsoft","/images/mirrored/Amazon-Kindle-Scribe-Colorsoft-91.jpg","Everyday Carry & Accessories","/images/mirrored/Amazon-Kindle-Scribe-Colorsoft-91.jpg","The Kindle Scribe Colorsoft sits at the premium end of the color e-ink writing tablet category, competing directly with the Remarkable Paper Pro and Supernote A5X2 — a segment that has quietly become one of the more interesting hardware battlegrounds in consumer tech. $629.99. Tap for full review and where to buy. #gadgetstyle #techfinds #coolgadgets #edc #everydaycarry #edctech #officegadgets #bestpensforwriting","https://www.gadgetstyle.com.au/product/amazon-kindle-scribe-colorsoft","","gadgetstyle techfinds coolgadgets edc everydaycarry edctech officegadgets bestpensforwriting"
"Amazon Echo Dot Max Smart Speaker","/images/mirrored/3YjRjODI3ZGMt.jpeg","Audio & Sound","/images/mirrored/3YjRjODI3ZGMt.jpeg","The smart speaker segment at $99 sits in an awkward middle ground — above the impulse-buy tier of the base Echo Dot but well below the $199–$299 range where Sonos Era 100, Marshall Stanmore III, and Apple HomePod mini compete on audio credibility. $99.99. Tap for full review and where to buy. #gadgetstyle #techfinds #coolgadgets #audiophile #headphones #wirelessaudio #amazonalexagadgets","https://www.gadgetstyle.com.au/product/amazon-echo-dot-max-smart-speaker","","gadgetstyle techfinds coolgadgets audiophile headphones wirelessaudio amazonalexagadgets"
"Amazon Echo Show 11","/images/mirrored/Amazon-Echo-Show-11-01.jpg","Smart Home","/images/mirrored/Amazon-Echo-Show-11-01.jpg","The Echo Show line sits firmly in the smart display category, competing with Google's Nest Hub Max and Lenovo's Smart Display series. $219.99. Tap for full review and where to buy. #gadgetstyle #techfinds #coolgadgets #smarthome #homeautomation #smarthometech #amazonalexagadgets","https://www.gadgetstyle.com.au/product/amazon-echo-show-11","","gadgetstyle techfinds coolgadgets smarthome homeautomation smarthometech amazonalexagadgets"
"Amazon eero Signal 4G LTE Cellular Backup","/images/mirrored/Amazon-eero-Signal-01-1.jpg","Everyday Carry & Accessories","/images/mirrored/Amazon-eero-Signal-01-1.jpg","The eero Signal lands in a narrow but increasingly relevant product category: dedicated cellular backup units for home mesh networks. $99.99. Tap for full review and where to buy. #gadgetstyle #techfinds #coolgadgets #edc #everydaycarry #edctech #comingsoon","https://www.gadgetstyle.com.au/product/amazon-eero-signal-4g-lte-cellular-backup","","gadgetstyle techfinds coolgadgets edc everydaycarry edctech comingsoon"
"Amazon Kindle Colorsoft Kids 16 GB eReader Optimized for Comfortable Reading in Color","/images/mirrored/Amazon-Kindle-Colorsoft-Kids-01.jpg","Everyday Carry & Accessories","/images/mirrored/Amazon-Kindle-Colorsoft-Kids-01.jpg","The Kindle Colorsoft Kids occupies the premium tier of the color e-reader segment for children — a narrow but increasingly competitive space that includes the Onyx Boox Go Color 7 and Kobo Clara Colour, both of which target adults but get swept into the same comparison shopping. $269.99. Tap for full review and where to buy. #gadgetstyle #techfinds #coolgadgets #edc #everydaycarry #edctech #gadgetsforkids","https://www.gadgetstyle.com.au/product/amazon-kindle-colorsoft-kids-16-gb-ereader-optimized-for-comfortable-reading-in-","","gadgetstyle techfinds coolgadgets edc everydaycarry edctech gadgetsforkids"
"Amazon Kindle Colorsoft 16GB eReader with a Paper-Like Color Display & Adjustable Warm Light","/images/mirrored/Amazon-Kindle-Colorsoft-16-GB-01.jpg","Everyday Carry & Accessories","/images/mirrored/Amazon-Kindle-Colorsoft-16-GB-01.jpg","The Colorsoft sits at the top of Amazon's non-Oasis eReader lineup, occupying the narrow but increasingly competitive space between monochrome e-ink flagships and tablet-based reading solutions. $249.99. Tap for full review and where to buy. #gadgetstyle #techfinds #coolgadgets #edc #everydaycarry #edctech #fathersdaygiftideas","https://www.gadgetstyle.com.au/product/amazon-kindle-colorsoft-16gb-ereader-with-a-paper-like-color-display-and-adjusta","","gadgetstyle techfinds coolgadgets edc everydaycarry edctech fathersdaygiftideas"
"Amazon Fire TV Soundbar Plus with Dolby Atmos and DTS:X for Powerful Sound and Clear Dialogue","/images/mirrored/Amazon-Fire-TV-Soundbar-01.jpg","Audio & Sound","/images/mirrored/Amazon-Fire-TV-Soundbar-01.jpg","The Fire TV Soundbar Plus lands in the mid-tier 3.1 soundbar segment, a crowded bracket where it competes directly against the Sonos Ray, Vizio M-Series M21d-H8, and Samsung HW-B550. $249.99. Tap for full review and where to buy. #gadgetstyle #techfinds #coolgadgets #audiophile #headphones #wirelessaudio #dolbyatmos","https://www.gadgetstyle.com.au/product/amazon-fire-tv-soundbar-plus-with-dolby-atmos-and-dts-x-for-powerful-sound-and-c","","gadgetstyle techfinds coolgadgets audiophile headphones wirelessaudio dolbyatmos"
"Amazon Fire HD 10 Kids and Kids Pro Tablets","/images/mirrored/Amazon-Fire-HD-10-Kids-2023-Tablets-01.jpg","Everyday Carry & Accessories","/images/mirrored/Amazon-Fire-HD-10-Kids-2023-Tablets-01.jpg","The Fire HD 10 Kids and Kids Pro occupy a well-defined niche: full-size kids' tablets built on Amazon's own hardware platform, sitting above the Fire 7 Kids and Fire HD 8 Kids in the lineup and priced to compete directly with the Lenovo Tab M10 Plus (Kids Edition) and the more expensive Apple iPad paired with third-party parental control software. $189.99. Tap for full review and where to buy. #gadgetstyle #techfinds #coolgadgets #edc #everydaycarry #edctech #blackfriday","https://www.gadgetstyle.com.au/product/amazon-fire-hd-10-kids-and-kids-pro-tablets","","gadgetstyle techfinds coolgadgets edc everydaycarry edctech blackfriday"
"Amazon Echo Spot","/images/mirrored/Amazon-Echo-Spot-01.jpeg","Smart Home","/images/mirrored/Amazon-Echo-Spot-01.jpeg","The Echo Spot is a compact smart display in the alarm clock / bedside assistant category — a space where Amazon is competing against the Google Nest Hub (1st and 2nd gen) and its own older Echo Show 5. $79.99. Tap for full review and where to buy. #gadgetstyle #techfinds #coolgadgets #smarthome #homeautomation #smarthometech #amazonalexagadgets","https://www.gadgetstyle.com.au/product/amazon-echo-spot","","gadgetstyle techfinds coolgadgets smarthome homeautomation smarthometech amazonalexagadgets"
"Kindle Colorsoft Signature Edition: Paper-like Color Solutions by Amazon on Gadget Flow","/images/mirrored/Kindle-Colorsoft-Signature-Edition-01.jpg","Everyday Carry & Accessories","/images/mirrored/Kindle-Colorsoft-Signature-Edition-01.jpg","Amazon's color e-reader sits in a small but increasingly competitive segment — alongside the Kobo Libra Colour and PocketBook InkPad Color 3 — and the Colorsoft Signature Edition lands at the premium end of that field. $279.99. Tap for full review and where to buy. #gadgetstyle #techfinds #coolgadgets #edc #everydaycarry #edctech #giftideas200400","https://www.gadgetstyle.com.au/product/kindle-colorsoft-signature-edition-paper-like-color-solutions-by-amazon-on-gadge","","gadgetstyle techfinds coolgadgets edc everydaycarry edctech giftideas200400"
"Amazon Blink Mini 2","/images/mirrored/Amazon-Blink-Mini-2-Smart-Security-Camera-01.jpg","Everyday Carry & Accessories","/images/mirrored/Amazon-Blink-Mini-2-Smart-Security-Camera-01.jpg","The Blink Mini 2 sits at the entry tier of the plug-in indoor/outdoor security camera market, competing directly with the Wyze Cam v4 and the base Eufy Indoor Cam 2K rather than the PoE or battery-powered mid-range. $39.99. Tap for full review and where to buy. #gadgetstyle #techfinds #coolgadgets #edc #everydaycarry #edctech #amazonalexagadgets","https://www.gadgetstyle.com.au/product/amazon-blink-mini-2","","gadgetstyle techfinds coolgadgets edc everydaycarry edctech amazonalexagadgets"
"Amazon Basics Fire Resistant Security Safe with Programmable Electonic Keyboard","/images/mirrored/Amazon-Basics-Fire-Resistant-Security-Safe-with-Keypad-01.jpg","Gaming & Accessories","/images/mirrored/Amazon-Basics-Fire-Resistant-Security-Safe-with-Keypad-01.jpg","The fire-resistant floor safe market splits cleanly between consumer-grade document boxes and serious security enclosures. $218.99. Tap for full review and where to buy. #gadgetstyle #techfinds #coolgadgets #gaming #gamersetup #pcgaming #giftideas200400","https://www.gadgetstyle.com.au/product/amazon-basics-fire-resistant-security-safe-with-programmable-electonic-keyboard","","gadgetstyle techfinds coolgadgets gaming gamersetup pcgaming giftideas200400"
"Blink Video Doorbell 2nd Gen with Head-to-Toe HD View and an Amazing 2-Year Battery Life","/images/mirrored/Blink-Video-Doorbell-2nd-Gen-01.jpg","Smart Home","/images/mirrored/Blink-Video-Doorbell-2nd-Gen-01.jpg","Budget smart doorbells split into two camps: cloud-subscription-dependent cameras that nickel-and-dime you monthly, and local-storage alternatives that trade features for independence. $69.99. Tap for full review and where to buy. #gadgetstyle #techfinds #coolgadgets #smarthome #homeautomation #smarthometech #giftideas50100","https://www.gadgetstyle.com.au/product/blink-video-doorbell-2nd-gen-with-head-to-toe-hd-view-and-an-amazing-2-year-batt","","gadgetstyle techfinds coolgadgets smarthome homeautomation smarthometech giftideas50100"
"Garmin Varia eRTL615: The Must-Have Rearview Radar Taillight for Safer eBike Rides","/images/mirrored/varia-vue-fb-7-d_2.webp","Everyday Carry & Accessories","/images/mirrored/varia-vue-fb-7-d_2.webp","The Varia eRTL615 occupies a specific and narrow niche: it's a radar taillight engineered exclusively for eBikes with a powered accessory port, pulling current directly from the bike's battery rather than carrying its own cells. $549.99. Tap for full review and where to buy. #gadgetstyle #techfinds #coolgadgets #edc #everydaycarry #edctech #bikesandaccessories","https://www.gadgetstyle.com.au/product/garmin-varia-ertl615-the-must-have-rearview-radar-taillight-for-safer-ebike-ride","","gadgetstyle techfinds coolgadgets edc everydaycarry edctech bikesandaccessories"
"Brane Audio Brane X Smart Speaker with RAD Bass and 360° Sound for Smart Streaming","/images/mirrored/2-2.jpg","Audio & Sound","/images/mirrored/2-2.jpg","The Brane X enters a crowded premium portable smart speaker segment where it's competing directly against the Sonos Era 300, Ultimate Ears Hyperboom, and Bang & Olufsen Beosound A1 (3rd Gen) — products with years of acoustic engineering pedigree and established software ecosystems behind them. $499.00. Tap for full review and where to buy. #gadgetstyle #techfinds #coolgadgets #audiophile #headphones #wirelessaudio #giftideas400","https://www.gadgetstyle.com.au/product/brane-audio-brane-x-smart-speaker-with-rad-bass-and-360-sound-for-smart-streamin","","gadgetstyle techfinds coolgadgets audiophile headphones wirelessaudio giftideas400"
"Amazon Kindle Scribe (32GB)","/images/mirrored/Amazon-Kindle-Scribe-2024-01.jpg","Everyday Carry & Accessories","/images/mirrored/Amazon-Kindle-Scribe-2024-01.jpg","The e-ink writing tablet segment has been slowly maturing around a core set of players — Remarkable 2, Kobo Elipsa 2E, Onyx Boox Note Air series — and the Scribe competes directly in that upper tier at $399.99 with the bundled Premium Pen. $399.99. Tap for full review and where to buy. #gadgetstyle #techfinds #coolgadgets #edc #everydaycarry #edctech #blackfriday","https://www.gadgetstyle.com.au/product/amazon-kindle-scribe-32gb","","gadgetstyle techfinds coolgadgets edc everydaycarry edctech blackfriday"
"Kindle Paperwhite: E-Reader 12th Gen with Glare-Free Display by Amazon on Gadget Flow","/images/mirrored/Amazon-Kindle-7-inch-Paperwhite-eReader-03.jpg","Outdoor & Adventure Tech","/images/mirrored/Amazon-Kindle-7-inch-Paperwhite-eReader-03.jpg","The 12th-generation Paperwhite lands in the premium tier of dedicated e-readers — above the base Kindle and Kindle Scribe Lite, below the Scribe's note-taking feature set and the Kobo Elipsa 2E's stylus workflow. $159.99. Tap for full review and where to buy. #gadgetstyle #techfinds #coolgadgets #outdoorgear #adventuretech #hikinggear #christmasgiftideas","https://www.gadgetstyle.com.au/product/kindle-paperwhite-e-reader-12th-gen-with-glare-free-display-by-amazon-on-gadget-","","gadgetstyle techfinds coolgadgets outdoorgear adventuretech hikinggear christmasgiftideas"
"Amazon eero 6 dual-band mesh Wi-Fi router supports Wi-Fi 6 connectivity","/images/mirrored/Amazon-eero-6-Mesh-Wi-Fi-Router-01.jpg","Everyday Carry & Accessories","/images/mirrored/Amazon-eero-6-Mesh-Wi-Fi-Router-01.jpg","The eero 6 sits at the entry tier of the mesh Wi-Fi 6 market, competing directly with the TP-Link Deco XE75 and Google Nest Wifi Pro at the budget-to-mid range. $89.99. Tap for full review and where to buy. #gadgetstyle #techfinds #coolgadgets #edc #everydaycarry #edctech #amazonalexagadgets","https://www.gadgetstyle.com.au/product/amazon-eero-6-dual-band-mesh-wi-fi-router-supports-wi-fi-6-connectivity","","gadgetstyle techfinds coolgadgets edc everydaycarry edctech amazonalexagadgets"
"Amazon All-New Echo Buds 2nd-Gen wireless earbuds offer ANC and Alexa","/images/mirrored/Amazon-All-New-Echo-Buds-2nd-Gen-Wireless-Earbuds-01.jpeg","Smart Home","/images/mirrored/Amazon-All-New-Echo-Buds-2nd-Gen-Wireless-Earbuds-01.jpeg","The Echo Buds (2nd Gen) occupy the mid-tier ANC TWS bracket, going up directly against the Jabra Evolve2 Buds lite tier, Anker Soundcore Liberty 4 NC, and the EarFun Air Pro 4 — all clustered around the $80–$130 price window. $119.99. Tap for full review and where to buy. #gadgetstyle #techfinds #coolgadgets #smarthome #homeautomation #smarthometech #amazonalexagadgets","https://www.gadgetstyle.com.au/product/amazon-all-new-echo-buds-2nd-gen-wireless-earbuds-offer-anc-and-alexa","","gadgetstyle techfinds coolgadgets smarthome homeautomation smarthometech amazonalexagadgets"
"Amazon Echo Glow Companion Lamp responds to your voice for fun party modes","/images/mirrored/Amazon-Echo-Glow-Companion-Lamp-01.jpg","Everyday Carry & Accessories","/images/mirrored/Amazon-Echo-Glow-Companion-Lamp-01.jpg","The Echo Glow sits in the smart ambient lighting category, slotting below addressable RGB strip systems like Govee's Dreamview line and above basic color-changing bulbs that rely solely on app control. $29.99. Tap for full review and where to buy. #gadgetstyle #techfinds #coolgadgets #edc #everydaycarry #edctech #gadgetsforkids","https://www.gadgetstyle.com.au/product/amazon-echo-glow-companion-lamp-responds-to-your-voice-for-fun-party-modes","","gadgetstyle techfinds coolgadgets edc everydaycarry edctech gadgetsforkids"
"Amazon Echo Show 8 (3rd Gen, 2023) has a new display, camera, and mics for better calls","/images/mirrored/Amazon-Echo-Show-8-004.jpg","Everyday Carry & Accessories","/images/mirrored/Amazon-Echo-Show-8-004.jpg","The Echo Show 8 sits in the mid-tier of Amazon's smart display lineup — above the Show 5's 5.5-inch panel but below the Show 15's wall-mount-oriented 15.6-inch format. $149.99. Tap for full review and where to buy. #gadgetstyle #techfinds #coolgadgets #edc #everydaycarry #edctech #amazonalexagadgets","https://www.gadgetstyle.com.au/product/amazon-echo-show-8-3rd-gen-2023-has-a-new-display-camera-and-mics-for-better-cal","","gadgetstyle techfinds coolgadgets edc everydaycarry edctech amazonalexagadgets"
"Fire 7 Kids tablet: Ad-Free Content with Parental Controls by Amazon on Gadget Flow","/images/mirrored/Amazon-Fire-7-Kids-Tablet-001.jpg","Everyday Carry & Accessories","/images/mirrored/Amazon-Fire-7-Kids-Tablet-001.jpg","Amazon's kids-focused 7-inch tablet sits at the budget end of the dedicated children's device market, competing directly with the LeapFrog Epic Academy and the base-tier Samsung Galaxy Tab A7 Lite when paired with parental control software. $109.99. Tap for full review and where to buy. #gadgetstyle #techfinds #coolgadgets #edc #everydaycarry #edctech #christmasgiftideas","https://www.gadgetstyle.com.au/product/fire-7-kids-tablet-ad-free-content-with-parental-controls-by-amazon-on-gadget-fl","","gadgetstyle techfinds coolgadgets edc everydaycarry edctech christmasgiftideas"
"Amazon Echo Dot Kids 5th Gen 2022 speaker is designed for children & has parental controls","/images/mirrored/Amazon-Echo-Dot-Kids-5th-Gen-2022-Alexa-Speaker-01.jpg","Audio & Sound","/images/mirrored/Amazon-Echo-Dot-Kids-5th-Gen-2022-Alexa-Speaker-01.jpg","The Echo Dot Kids sits in the smart speaker category — a deliberately constrained corner of it. $59.99. Tap for full review and where to buy. #gadgetstyle #techfinds #coolgadgets #audiophile #headphones #wirelessaudio #amazonalexagadgets","https://www.gadgetstyle.com.au/product/amazon-echo-dot-kids-5th-gen-2022-speaker-is-designed-for-children-and-has-paren","","gadgetstyle techfinds coolgadgets audiophile headphones wirelessaudio amazonalexagadgets"
"Amazon All-New Fire TV Cube Alexa streaming box has Wi-Fi 6E & 4K Ultra HD quality","/images/mirrored/Amazon-All-New-Fire-TV-Cube-Alexa-Streaming-Box-001.jpeg","Smart Home","/images/mirrored/Amazon-All-New-Fire-TV-Cube-Alexa-Streaming-Box-001.jpeg","The Fire TV Cube sits at the top of Amazon's streaming hardware stack, above the Stick 4K Max and the standard Fire TV 4K. $139.99. Tap for full review and where to buy. #gadgetstyle #techfinds #coolgadgets #smarthome #homeautomation #smarthometech #amazonalexagadgets","https://www.gadgetstyle.com.au/product/amazon-all-new-fire-tv-cube-alexa-streaming-box-has-wi-fi-6e-and-4k-ultra-hd-qua","","gadgetstyle techfinds coolgadgets smarthome homeautomation smarthometech amazonalexagadgets"
"Amazon Fire TV 4-Series 4K UHD smart TV delivers 4K Ultra HD, HDR 10, & Dolby Digital Plus","/images/mirrored/Amazon-Fire-TV-4-Series-4K-UHD-Smart-TV-01.jpeg","Everyday Carry & Accessories","/images/mirrored/Amazon-Fire-TV-4-Series-4K-UHD-Smart-TV-01.jpeg","The Fire TV 4-Series sits at the budget end of the 4K smart TV market, competing directly with TCL's 4-Series and Hisense's A6 line rather than anything from Samsung's Crystal UHD tier or LG's NanoCell range. $449.99. Tap for full review and where to buy. #gadgetstyle #techfinds #coolgadgets #edc #everydaycarry #edctech #amazonalexagadgets","https://www.gadgetstyle.com.au/product/amazon-fire-tv-4-series-4k-uhd-smart-tv-delivers-4k-ultra-hd-hdr-10-and-dolby-di","","gadgetstyle techfinds coolgadgets edc everydaycarry edctech amazonalexagadgets"
"Blink Outdoor 4 (4th Gen) outdoor wireless security camera has a 2-year battery life","/images/mirrored/Blink-Outdoor-4th-generation-outdoor-wireless-security-camera-01.jpeg","Smart Home","/images/mirrored/Blink-Outdoor-4th-generation-outdoor-wireless-security-camera-01.jpeg","Battery-powered outdoor security cameras occupy a surprisingly competitive shelf in 2025 — Arlo, Eufy, Ring, and Wyze all fight for the same dollar — and the fourth-generation Blink Outdoor lands squarely in the mid-tier, priced at $99.99 for a single camera. $99.99. Tap for full review and where to buy. #gadgetstyle #techfinds #coolgadgets #smarthome #homeautomation #smarthometech #amazonalexagadgets","https://www.gadgetstyle.com.au/product/blink-outdoor-4-4th-gen-outdoor-wireless-security-camera-has-a-2-year-battery-li","","gadgetstyle techfinds coolgadgets smarthome homeautomation smarthometech amazonalexagadgets"
"Amazon eero 6+ Wi-Fi 6 Router","/images/mirrored/Amazon-eero-6-plus-WiFi-6-router-03.jpg","Everyday Carry & Accessories","/images/mirrored/Amazon-eero-6-plus-WiFi-6-router-03.jpg","The eero 6+ sits in the mid-tier of the Wi-Fi 6 mesh router market, competing directly with the TP-Link Deco XE75 and Netgear Orbi RBK353 at roughly the same price point. $139.00. Tap for full review and where to buy. #gadgetstyle #techfinds #coolgadgets #edc #everydaycarry #edctech #amazonalexagadgets","https://www.gadgetstyle.com.au/product/amazon-eero-6-wi-fi-6-router","","gadgetstyle techfinds coolgadgets edc everydaycarry edctech amazonalexagadgets"
"Fire HD 8 2024: Tablet with 8” Display and Easy-to-Use Tools by Amazon on Gadget Flow","/images/mirrored/Amazon-Fire-HD-8-Tablet-01.jpg","Everyday Carry & Accessories","/images/mirrored/Amazon-Fire-HD-8-Tablet-01.jpg","Amazon's 2024 refresh of its 8-inch budget tablet sits firmly at the entry-level end of the Android-adjacent slate market, competing directly with the Lenovo Tab M8 Gen 4 and Nokia T10 rather than anything in Samsung's Galaxy Tab A series. $99.99. Tap for full review and where to buy. #gadgetstyle #techfinds #coolgadgets #edc #everydaycarry #edctech #amazonalexagadgets","https://www.gadgetstyle.com.au/product/fire-hd-8-2024-tablet-with-8-display-and-easy-to-use-tools-by-amazon-on-gadget-f","","gadgetstyle techfinds coolgadgets edc everydaycarry edctech amazonalexagadgets"
"Fire HD 8 Kids: Portable Tablet for Kids with Parental Controls by Amazon on Gadget Flow","/images/mirrored/Amazon-Fire-HD-8-Kids-2024-01.jpg","Everyday Carry & Accessories","/images/mirrored/Amazon-Fire-HD-8-Kids-2024-01.jpg","The Fire HD 8 Kids occupies the lower-mid tier of the dedicated children's tablet segment, sitting above bare-minimum options like the Dragon Touch Y88X but below the more premium Amazon Fire HD 10 Kids. $139.99. Tap for full review and where to buy. #gadgetstyle #techfinds #coolgadgets #edc #everydaycarry #edctech #christmasgiftideas","https://www.gadgetstyle.com.au/product/fire-hd-8-kids-portable-tablet-for-kids-with-parental-controls-by-amazon-on-gadg","","gadgetstyle techfinds coolgadgets edc everydaycarry edctech christmasgiftideas"
"Amazon Echo Pop compact smart speaker offers full-bodied sound and Alexa compatibility","/images/mirrored/Amazon-Echo-Pop-Colorful-Compact-Smart-Alexa-Speaker-01.jpeg","Audio & Sound","/images/mirrored/Amazon-Echo-Pop-Colorful-Compact-Smart-Alexa-Speaker-01.jpeg","At $39.99, the Echo Pop sits at the entry point of Amazon's current Echo lineup, slotting below the fourth-gen Echo Dot and well below the full-size Echo (4th gen) with its 3-inch woofer. $39.99. Tap for full review and where to buy. #gadgetstyle #techfinds #coolgadgets #audiophile #headphones #wirelessaudio #amazonalexagadgets","https://www.gadgetstyle.com.au/product/amazon-echo-pop-compact-smart-speaker-offers-full-bodied-sound-and-alexa-compati","","gadgetstyle techfinds coolgadgets audiophile headphones wirelessaudio amazonalexagadgets"
"Amazon Echo Show 5 3rd Gen Smart Display","/images/mirrored/Amazon-Echo-Show-5-3rd-Gen-2023-01.jpg","Everyday Carry & Accessories","/images/mirrored/Amazon-Echo-Show-5-3rd-Gen-2023-01.jpg","The Echo Show 5 sits at the entry point of Amazon's Show lineup — below the 8 and the 10 — and occupies a specific niche that the larger models can't: nightstand and kitchen-counter deployment where a 5.5-inch touchscreen is sufficient and a smaller footprint matters. $89.99. Tap for full review and where to buy. #gadgetstyle #techfinds #coolgadgets #edc #everydaycarry #edctech #amazonalexagadgets","https://www.gadgetstyle.com.au/product/amazon-echo-show-5-3rd-gen-smart-display","","gadgetstyle techfinds coolgadgets edc everydaycarry edctech amazonalexagadgets"
"Carrera Smart Glasses collection with Alexa boasts cutting-edge open-ear audio technology","/images/mirrored/Amazon-Carrera-Smart-Glasses-01.jpg","Audio & Sound","/images/mirrored/Amazon-Carrera-Smart-Glasses-01.jpg","The smart glasses audio category has consolidated around a handful of serious contenders — Bose Frames, Ray-Ban Meta, and Amazon Echo Frames — and Carrera enters that bracket as a fashion-forward Italian eyewear brand bringing legitimate optical heritage to the form factor. $314.99. Tap for full review and where to buy. #gadgetstyle #techfinds #coolgadgets #audiophile #headphones #wirelessaudio #amazonalexagadgets","https://www.gadgetstyle.com.au/product/carrera-smart-glasses-collection-with-alexa-boasts-cutting-edge-open-ear-audio-t","","gadgetstyle techfinds coolgadgets audiophile headphones wirelessaudio amazonalexagadgets"
"Amazon Fire TV Stick 4K 2nd gen streaming device supports Wi-Fi 6 and has a new processor","/images/mirrored/Amazon-Fire-TV-Stick-4K-2023-01.jpg","Everyday Carry & Accessories","/images/mirrored/Amazon-Fire-TV-Stick-4K-2023-01.jpg","The dongle-style streaming stick market sits at a well-defined crossroads: spend less and get 1080p playback, spend more and get upscaling with variable refresh, or land at the $49.99 tier where Amazon's second-generation 4K stick lives alongside the Roku Streaming Stick 4K+ and Google's Chromecast with Google TV. $49.99. Tap for full review and where to buy. #gadgetstyle #techfinds #coolgadgets #edc #everydaycarry #edctech #amazonalexagadgets","https://www.gadgetstyle.com.au/product/amazon-fire-tv-stick-4k-2nd-gen-streaming-device-supports-wi-fi-6-and-has-a-new-","","gadgetstyle techfinds coolgadgets edc everydaycarry edctech amazonalexagadgets"
"Amazon Fire TV Soundbar delivers room-filling 3D sound and supports DTS Virtual:X","/images/mirrored/Amazon-Fire-TV-Soundbar-01-fd4b52e7.jpg","Audio & Sound","/images/mirrored/Amazon-Fire-TV-Soundbar-01-fd4b52e7.jpg","At $119.99, the Amazon Fire TV Soundbar plays squarely in the entry-level stereo soundbar segment, competing with the Roku Streambar SE, Vizio V21x-J8, and Anker Nebula's budget-tier offerings. $119.99. Tap for full review and where to buy. #gadgetstyle #techfinds #coolgadgets #audiophile #headphones #wirelessaudio #dolbyatmos","https://www.gadgetstyle.com.au/product/amazon-fire-tv-soundbar-delivers-room-filling-3d-sound-and-supports-dts-virtual-","","gadgetstyle techfinds coolgadgets audiophile headphones wirelessaudio dolbyatmos"
"Amazon eero Max 7 Wi-Fi 7 mesh system is remarkably faster with speeds up to 4.3 Gbps","/images/mirrored/Amazon-eero-Max-7-Wi-Fi-7-mesh-system-new-01-1.jpg","Everyday Carry & Accessories","/images/mirrored/Amazon-eero-Max-7-Wi-Fi-7-mesh-system-new-01-1.jpg","The eero Max 7 sits at the top of eero's mesh lineup and competes directly with the Netgear Orbi 970, TP-Link Deco BE95, and Asus ZenWiFi BT10 in the tri-band Wi-Fi 7 mesh segment — a category that's still young enough that most buyers are paying a premium for future-proofing as much as present performance. $599.99. Tap for full review and where to buy. #gadgetstyle #techfinds #coolgadgets #edc #everydaycarry #edctech #amazonalexagadgets","https://www.gadgetstyle.com.au/product/amazon-eero-max-7-wi-fi-7-mesh-system-is-remarkably-faster-with-speeds-up-to-4-3","","gadgetstyle techfinds coolgadgets edc everydaycarry edctech amazonalexagadgets"
"Amazon Echo Hub smart home control panel mounts on your wall and is powered by Alexa","/images/mirrored/amazon-echo-hub-01.jpg","Smart Home","/images/mirrored/amazon-echo-hub-01.jpg","Wall-mounted smart home control panels occupy a narrow but growing category sitting between passive displays like the Echo Show 10 and dedicated third-party controllers like the Brilliant Smart Home Control. $179.99. Tap for full review and where to buy. #gadgetstyle #techfinds #coolgadgets #smarthome #homeautomation #smarthometech #amazonalexagadgets","https://www.gadgetstyle.com.au/product/amazon-echo-hub-smart-home-control-panel-mounts-on-your-wall-and-is-powered-by-a","","gadgetstyle techfinds coolgadgets smarthome homeautomation smarthometech amazonalexagadgets"
"Amazon Echo Frames (3rd Gen) smart Alexa spectacles offer fashion and on-the-go smarts","/images/mirrored/Echo-Frames-3rd-Gen-Smart-High-End-Alexa-Spectacles-01.jpg","Smart Home","/images/mirrored/Echo-Frames-3rd-Gen-Smart-High-End-Alexa-Spectacles-01.jpg","Open-frame audio eyewear occupies a narrow but increasingly crowded lane — Bose Frames, Razer Anzu, and Meta Ray-Bans all compete here, and the third generation of Amazon's entry sits in the mid-tier of that field, priced at $194.99 before prescription lenses. $194.99. Tap for full review and where to buy. #gadgetstyle #techfinds #coolgadgets #smarthome #homeautomation #smarthometech #amazonalexagadgets","https://www.gadgetstyle.com.au/product/amazon-echo-frames-3rd-gen-smart-alexa-spectacles-offer-fashion-and-on-the-go-sm","","gadgetstyle techfinds coolgadgets smarthome homeautomation smarthometech amazonalexagadgets"
"Amazon Echo Pop Kids smart speaker comes in Marvel’s Avengers and Disney Princess designs","/images/mirrored/Amazon-Echo-Pop-Kids-Avengers-Disney-Smart-Speaker-01.jpg","Audio & Sound","/images/mirrored/Amazon-Echo-Pop-Kids-Avengers-Disney-Smart-Speaker-01.jpg","The kids' smart speaker segment is narrow but competitive — LeapFrog, tonies, and Amazon's own standard Echo line all converge around the $40–60 price point. $49.99. Tap for full review and where to buy. #gadgetstyle #techfinds #coolgadgets #audiophile #headphones #wirelessaudio #amazonalexagadgets","https://www.gadgetstyle.com.au/product/amazon-echo-pop-kids-smart-speaker-comes-in-marvel-s-avengers-and-disney-princes","","gadgetstyle techfinds coolgadgets audiophile headphones wirelessaudio amazonalexagadgets"
"Amazon Fire Max 11 tablet is very big and powerful thanks to its octa-core processor","/images/mirrored/Amazon-Fire-Max-11-Tablet-01.jpg","Everyday Carry & Accessories","/images/mirrored/Amazon-Fire-Max-11-Tablet-01.jpg","The Fire Max 11 sits at the top of Amazon's Fire tablet lineup, competing in the budget-to-midrange Android tablet space against the Lenovo Tab M11, Samsung Galaxy Tab A9+, and to a stretch, the base iPad. $229.99. Tap for full review and where to buy. #gadgetstyle #techfinds #coolgadgets #edc #everydaycarry #edctech #amazonalexagadgets","https://www.gadgetstyle.com.au/product/amazon-fire-max-11-tablet-is-very-big-and-powerful-thanks-to-its-octa-core-proce","","gadgetstyle techfinds coolgadgets edc everydaycarry edctech amazonalexagadgets"
"Amazon Astro 2nd Gen smart robot offers useful features for home and office situations","/images/mirrored/Amazon-Astro-2nd-Generation-Smart-Home-Office-Robot-01.jpeg","Everyday Carry & Accessories","/images/mirrored/Amazon-Astro-2nd-Generation-Smart-Home-Office-Robot-01.jpeg","Astro 2nd Gen sits at the premium end of the consumer home-robotics segment — a category that, until recently, was dominated by iRobot's vacuum-only form factor and Arlo's stationary security cameras. $1599.99. Tap for full review and where to buy. #gadgetstyle #techfinds #coolgadgets #edc #everydaycarry #edctech #amazonalexagadgets","https://www.gadgetstyle.com.au/product/amazon-astro-2nd-gen-smart-robot-offers-useful-features-for-home-and-office-situ","","gadgetstyle techfinds coolgadgets edc everydaycarry edctech amazonalexagadgets"
"Amazon Echo Show 5 Kids 3rd Gen has an improved speaker for more fun than ever before","/images/mirrored/Amazon-Echo-Show-5-Kids-3rd-Gen-2023-Smart-Display-02.jpg","Audio & Sound","/images/mirrored/Amazon-Echo-Show-5-Kids-3rd-Gen-2023-Smart-Display-02.jpg","The Echo Show 5 Kids lands in the children's smart display segment, competing directly with the LeapFrog Magic Adventures Globe and the standard Echo Show 5 repurposed for family use. $99.99. Tap for full review and where to buy. #gadgetstyle #techfinds #coolgadgets #audiophile #headphones #wirelessaudio #amazonalexagadgets","https://www.gadgetstyle.com.au/product/amazon-echo-show-5-kids-3rd-gen-has-an-improved-speaker-for-more-fun-than-ever-b","","gadgetstyle techfinds coolgadgets audiophile headphones wirelessaudio amazonalexagadgets"
"Amazon Echo Buds (2023 Release) true wireless earbuds have 12 mm drivers for crisp audio","/images/mirrored/Amazon-Echo-Buds-2023-01.jpg","Audio & Sound","/images/mirrored/Amazon-Echo-Buds-2023-01.jpg","At $39.99, the 2023 Echo Buds occupy the lowest tier of the true wireless market — a category where the floor has gotten surprisingly competitive, with Earfun Free 2S, QCY T13, and the previous-gen Echo Buds all fighting for the same wallet. $39.99. Tap for full review and where to buy. #gadgetstyle #techfinds #coolgadgets #audiophile #headphones #wirelessaudio #amazonalexagadgets","https://www.gadgetstyle.com.au/product/amazon-echo-buds-2023-release-true-wireless-earbuds-have-12-mm-drivers-for-crisp","","gadgetstyle techfinds coolgadgets audiophile headphones wirelessaudio amazonalexagadgets"
"Amazon eero PoE 10-Port Wired Gateway supplies 100 watts of pooled power for PoE systems","/images/mirrored/Amazon-eero-PoE-10-Port-Wired-Gateway-Power-Adapter-01.jpg","Everyday Carry & Accessories","/images/mirrored/Amazon-eero-PoE-10-Port-Wired-Gateway-Power-Adapter-01.jpg","The eero PoE 10-Port sits in the prosumer managed-switch-with-gateway segment, competing directly with the Ubiquiti UniFi Switch Lite 16 PoE and the TP-Link TL-SG2210P v2 at roughly similar or lower price points. $649.99. Tap for full review and where to buy. #gadgetstyle #techfinds #coolgadgets #edc #everydaycarry #edctech #amazonalexagadgets","https://www.gadgetstyle.com.au/product/amazon-eero-poe-10-port-wired-gateway-supplies-100-watts-of-pooled-power-for-poe","","gadgetstyle techfinds coolgadgets edc everydaycarry edctech amazonalexagadgets"
"Blink Mini Pan Tilt rotating indoor security cam offers 2-way audio & motion detection","/images/mirrored/Blink-Mini-Pan-Tilt-Rotating-Indoor-Security-Cam-01.jpg","Audio & Sound","/images/mirrored/Blink-Mini-Pan-Tilt-Rotating-Indoor-Security-Cam-01.jpg","The Blink Mini Pan-Tilt sits in the budget-to-midrange indoor IP camera segment, competing directly with the Wyze Cam Pan v3 and the TP-Link Tapo C210 — both of which land within a few dollars of the $59.99 ask. $59.99. Tap for full review and where to buy. #gadgetstyle #techfinds #coolgadgets #audiophile #headphones #wirelessaudio #amazonalexagadgets","https://www.gadgetstyle.com.au/product/blink-mini-pan-tilt-rotating-indoor-security-cam-offers-2-way-audio-and-motion-d","","gadgetstyle techfinds coolgadgets audiophile headphones wirelessaudio amazonalexagadgets"
"Amazon eero PoE 6 dual-band Wi-Fi 6 access point has a ceiling- or wall-mountable design","/images/mirrored/Amazon-eero-PoE-6-dual-band-WiFi-6-access-point-01.jpg","Everyday Carry & Accessories","/images/mirrored/Amazon-eero-PoE-6-dual-band-WiFi-6-access-point-01.jpg","The eero PoE 6 lands in the enterprise-lite / prosumer ceiling-mount access point category, sitting alongside hardware like the TP-Link EAP670 and Ubiquiti UniFi U6 Lite rather than consumer mesh nodes you tuck behind a TV. $299.99. Tap for full review and where to buy. #gadgetstyle #techfinds #coolgadgets #edc #everydaycarry #edctech #amazonalexagadgets","https://www.gadgetstyle.com.au/product/amazon-eero-poe-6-dual-band-wi-fi-6-access-point-has-a-ceiling-or-wall-mountable","","gadgetstyle techfinds coolgadgets edc everydaycarry edctech amazonalexagadgets"
"Blink Wired Floodlight Camera boasts 2,600 lumens of brightness and HD live view","/images/mirrored/Blink-Wired-Floodlight-Camera-Home-Security-Cam-01.jpg","Audio & Sound","/images/mirrored/Blink-Wired-Floodlight-Camera-Home-Security-Cam-01.jpg","The Blink Wired Floodlight Camera sits in the powered outdoor security camera segment, competing directly with the Ring Floodlight Cam Wired Plus and Eufy Floodlight Cam E340. $99.99. Tap for full review and where to buy. #gadgetstyle #techfinds #coolgadgets #audiophile #headphones #wirelessaudio #amazonalexagadgets","https://www.gadgetstyle.com.au/product/blink-wired-floodlight-camera-boasts-2-600-lumens-of-brightness-and-hd-live-view","","gadgetstyle techfinds coolgadgets audiophile headphones wirelessaudio amazonalexagadgets"
"Amazon Fire TV Omni QLED Series television takes 4K UHD smart content to a new level","/images/mirrored/Amazon-Fire-TV-Omni-QLED-Series-4K-UHD-Smart-TV-03.jpg","Wearables & Fitness","/images/mirrored/Amazon-Fire-TV-Omni-QLED-Series-4K-UHD-Smart-TV-03.jpg","The Fire TV Omni QLED sits in the mid-range 65- and 75-inch QLED segment, competing directly with the Hisense U6/U8 series, TCL QM8, and Vizio P-Series Quantum X — all of which target buyers who want quantum dot color volume without paying Samsung QN90 or LG QNED money. $799.99. Tap for full review and where to buy. #gadgetstyle #techfinds #coolgadgets #wearabletech #fitnesstracker #smartwatch #amazonalexagadgets","https://www.gadgetstyle.com.au/product/amazon-fire-tv-omni-qled-series-television-takes-4k-uhd-smart-content-to-a-new-l","","gadgetstyle techfinds coolgadgets wearabletech fitnesstracker smartwatch amazonalexagadgets"
"Amazon Alexa Voice Remote Pro comes with remote finder feature so you keep track of it","/images/mirrored/Amazon-Alexa-Voice-Remote-Pro-Fire-TV-Remote-01.jpeg","Smart Home","/images/mirrored/Amazon-Alexa-Voice-Remote-Pro-Fire-TV-Remote-01.jpeg","The Alexa Voice Remote Pro occupies the premium tier of Amazon's own remote lineup, sitting above the standard Alexa Voice Remote (3rd gen) and targeting Fire TV households that have grown frustrated with losing remotes in couch cushions or across rooms. $34.99. Tap for full review and where to buy. #gadgetstyle #techfinds #coolgadgets #smarthome #homeautomation #smarthometech #amazonalexagadgets","https://www.gadgetstyle.com.au/product/amazon-alexa-voice-remote-pro-comes-with-remote-finder-feature-so-you-keep-track","","gadgetstyle techfinds coolgadgets smarthome homeautomation smarthometech amazonalexagadgets"
"Amazon Echo Auto 2nd Gen smart car accessory provides intelligent on-the-go assistance","/images/mirrored/Amazon-Echo-Auto-2nd-Gen-smart-car-accessory-01.jpg","Everyday Carry & Accessories","/images/mirrored/Amazon-Echo-Auto-2nd-Gen-smart-car-accessory-01.jpg","The car-mounted smart assistant category is a narrow but genuinely useful one, and the Echo Auto sits at the top of it by default — there's no serious Android Auto or CarPlay alternative that operates purely through a clip-on puck. $54.99. Tap for full review and where to buy. #gadgetstyle #techfinds #coolgadgets #edc #everydaycarry #edctech #amazonalexagadgets","https://www.gadgetstyle.com.au/product/amazon-echo-auto-2nd-gen-smart-car-accessory-provides-intelligent-on-the-go-assi","","gadgetstyle techfinds coolgadgets edc everydaycarry edctech amazonalexagadgets"
"Amazon Echo Dot with Clock 2022 version has an updated high-resolution dot matrix display","/images/mirrored/Echo-Dot-with-Clock-01.jpg","Everyday Carry & Accessories","/images/mirrored/Echo-Dot-with-Clock-01.jpg","The fifth-generation Echo Dot with Clock sits in the entry-to-mid tier of Amazon's own smart speaker lineup, slotting above the standard Echo Dot and below the full-sized Echo (4th gen) and Echo Studio. $59.99. Tap for full review and where to buy. #gadgetstyle #techfinds #coolgadgets #edc #everydaycarry #edctech #amazonalexagadgets","https://www.gadgetstyle.com.au/product/amazon-echo-dot-with-clock-2022-version-has-an-updated-high-resolution-dot-matri","","gadgetstyle techfinds coolgadgets edc everydaycarry edctech amazonalexagadgets"
"Amazon Echo Studio Gen 2 2022 smart speaker boasts Dolby Atmos spatial audio technology","/images/mirrored/Amazon-Echo-Studio-Gen-2-2022-smart-speaker-01.jpg","Audio & Sound","/images/mirrored/Amazon-Echo-Studio-Gen-2-2022-smart-speaker-01.jpg","The Echo Studio sits at the top of Amazon's speaker lineup — the only first-party Alexa device that attempts to compete in the premium wireless speaker category against hardware like the Sonos Era 300 and Apple HomePod (2nd gen). $199.99. Tap for full review and where to buy. #gadgetstyle #techfinds #coolgadgets #audiophile #headphones #wirelessaudio #amazonalexagadgets","https://www.gadgetstyle.com.au/product/amazon-echo-studio-gen-2-2022-smart-speaker-boasts-dolby-atmos-spatial-audio-tec","","gadgetstyle techfinds coolgadgets audiophile headphones wirelessaudio amazonalexagadgets"
"Amazon Halo Rise smart lamp & alarm clock is a sleep tracker that you don’t have to wear","/images/mirrored/Amazon-Halo-Rise-smart-lamp-and-alarm-clock-01.jpg","Smart Home","/images/mirrored/Amazon-Halo-Rise-smart-lamp-and-alarm-clock-01.jpg","The Halo Rise occupies a specific and genuinely underserved niche: the bedside sleep tracker that doesn't require a wearable. $139.99. Tap for full review and where to buy. #gadgetstyle #techfinds #coolgadgets #smarthome #homeautomation #smarthometech #amazonalexagadgets","https://www.gadgetstyle.com.au/product/amazon-halo-rise-smart-lamp-and-alarm-clock-is-a-sleep-tracker-that-you-don-t-ha","","gadgetstyle techfinds coolgadgets smarthome homeautomation smarthometech amazonalexagadgets"
"Amazon Kindle Scribe large eReader works with a pen that actually writes on the screen","/images/mirrored/Amazon-Kindle-Scribe-Large-10-2-Inch-E-Ink-eReader-01.jpg","Everyday Carry & Accessories","/images/mirrored/Amazon-Kindle-Scribe-Large-10-2-Inch-E-Ink-eReader-01.jpg","The Kindle Scribe sits at the top of Amazon's e-reader lineup, occupying the increasingly crowded large-format e-ink writing tablet segment alongside the reMarkable 2, Kobo Elipsa 2E, and Onyx Boox Note Air 3. $339.99. Tap for full review and where to buy. #gadgetstyle #techfinds #coolgadgets #edc #everydaycarry #edctech #giftideas200400","https://www.gadgetstyle.com.au/product/amazon-kindle-scribe-large-ereader-works-with-a-pen-that-actually-writes-on-the-","","gadgetstyle techfinds coolgadgets edc everydaycarry edctech giftideas200400"
"Amazon Fire HD 8 tablet 2022 release is up to 30% faster than the previous generation","/images/mirrored/Amazon-Fire-HD-8-tablet-2022-01.jpg","Everyday Carry & Accessories","/images/mirrored/Amazon-Fire-HD-8-tablet-2022-01.jpg","The Fire HD 8 occupies a specific and increasingly crowded position: the sub-$100 Android-adjacent tablet aimed at media consumption and light productivity. $99.99. Tap for full review and where to buy. #gadgetstyle #techfinds #coolgadgets #edc #everydaycarry #edctech #amazonalexagadgets","https://www.gadgetstyle.com.au/product/amazon-fire-hd-8-tablet-2022-release-is-up-to-30-faster-than-the-previous-genera","","gadgetstyle techfinds coolgadgets edc everydaycarry edctech amazonalexagadgets"
"Amazon All-new Kindle Kids (2022 release) eReader has a high-res display for ages 3–12","/images/mirrored/All-new-Kindle-Kids-2022-release-children-s-eReader-05.jpeg","Everyday Carry & Accessories","/images/mirrored/All-new-Kindle-Kids-2022-release-children-s-eReader-05.jpeg","The Kindle Kids occupies a specific and somewhat narrow lane: it's a purpose-built e-reader aimed at the 3–12 demographic, not a general-purpose tablet stripped of features after the fact. $119.99. Tap for full review and where to buy. #gadgetstyle #techfinds #coolgadgets #edc #everydaycarry #edctech #gadgetsforkids","https://www.gadgetstyle.com.au/product/amazon-all-new-kindle-kids-2022-release-ereader-has-a-high-res-display-for-ages-","","gadgetstyle techfinds coolgadgets edc everydaycarry edctech gadgetsforkids"
"Amazon All-new Kindle (2022 release) eReader has a 6” 300 ppi high-resolution display","/images/mirrored/Amazon-All-new-Kindle-2022-release-6-Inch-eReader-02.jpeg","Everyday Carry & Accessories","/images/mirrored/Amazon-All-new-Kindle-2022-release-6-Inch-eReader-02.jpeg","The entry-level Kindle slot is one of the most competitive in consumer electronics — a $99 device that has to justify itself against both the $139 Paperwhite and an entire ecosystem of Kobo alternatives. $99.99. Tap for full review and where to buy. #gadgetstyle #techfinds #coolgadgets #edc #everydaycarry #edctech #giftideas50100","https://www.gadgetstyle.com.au/product/amazon-all-new-kindle-2022-release-ereader-has-a-6-300-ppi-high-resolution-displ","","gadgetstyle techfinds coolgadgets edc everydaycarry edctech giftideas50100"
"Amazon Fire 7 2022 kids tablet has a durable Kid-Proof Case with a built-in stand","/images/mirrored/Amazon-Fire-7-2022-kids-tablet-01.jpg","Everyday Carry & Accessories","/images/mirrored/Amazon-Fire-7-2022-kids-tablet-01.jpg","The Fire 7 Kids sits at the entry point of Amazon's dedicated children's tablet lineup, a tier below the Fire HD 8 Kids and well below the Fire HD 10 Kids. $109.99. Tap for full review and where to buy. #gadgetstyle #techfinds #coolgadgets #edc #everydaycarry #edctech #gadgetsforkids","https://www.gadgetstyle.com.au/product/amazon-fire-7-2022-kids-tablet-has-a-durable-kid-proof-case-with-a-built-in-stan","","gadgetstyle techfinds coolgadgets edc everydaycarry edctech gadgetsforkids"
"Amazon All-new Fire 7 tablet has a 30% faster quad-core processor & a longer battery life","/images/mirrored/Amazon-All-new-Fire-7-tablet-01.jpg","Everyday Carry & Accessories","/images/mirrored/Amazon-All-new-Fire-7-tablet-01.jpg","The Fire 7 occupies the very bottom of the Android-adjacent tablet market — a category dominated by Amazon's own Fire line, with the iPad mini and Samsung Galaxy Tab A9 sitting several tiers above. $59.99. Tap for full review and where to buy. #gadgetstyle #techfinds #coolgadgets #edc #everydaycarry #edctech #amazonalexagadgets","https://www.gadgetstyle.com.au/product/amazon-all-new-fire-7-tablet-has-a-30-faster-quad-core-processor-and-a-longer-ba","","gadgetstyle techfinds coolgadgets edc everydaycarry edctech amazonalexagadgets"
"Amazon eero Pro 6E Wi-Fi router supports 100+ connected devices & covers up to 2,000 sq ft","/images/mirrored/Amazon-eero-Pro-6E-WiFi-router-04.jpg","Everyday Carry & Accessories","/images/mirrored/Amazon-eero-Pro-6E-WiFi-router-04.jpg","The eero Pro 6E sits at the upper end of the consumer mesh node segment, competing directly with the Netgear Orbi 960 series and TP-Link Deco XE75 Pro at a lower price point than either. $299.00. Tap for full review and where to buy. #gadgetstyle #techfinds #coolgadgets #edc #everydaycarry #edctech #amazonalexagadgets","https://www.gadgetstyle.com.au/product/amazon-eero-pro-6e-wi-fi-router-supports-100-connected-devices-and-covers-up-to-","","gadgetstyle techfinds coolgadgets edc everydaycarry edctech amazonalexagadgets"
"Amazon Basics Smart Switches and Dimmers let you schedule when your lights turn on and off","/images/mirrored/Amazon-Smart-Switches-and-Dimmers-01.jpeg","Smart Home","/images/mirrored/Amazon-Smart-Switches-and-Dimmers-01.jpeg","The Amazon Basics smart switch lineup sits in the budget tier of the Wi-Fi-based in-wall control market — a crowded space anchored by Lutron Caseta, Leviton Decora Smart, and Kasa's EP25/EP35 series. $19.46. Tap for full review and where to buy. #gadgetstyle #techfinds #coolgadgets #smarthome #homeautomation #smarthometech #amazonalexagadgets","https://www.gadgetstyle.com.au/product/amazon-basics-smart-switches-and-dimmers-let-you-schedule-when-your-lights-turn-","","gadgetstyle techfinds coolgadgets smarthome homeautomation smarthometech amazonalexagadgets"
"Amazon Smart Air Quality Monitor makes it easy to understand what’s in your indoor air","/images/mirrored/Amazon-Smart-Air-Quality-Monitor-01.jpeg","Everyday Carry & Accessories","/images/mirrored/Amazon-Smart-Air-Quality-Monitor-01.jpeg","At $69.99, the Amazon Smart Air Quality Monitor occupies the budget-to-midrange tier of the consumer IAQ segment, sitting below dedicated enthusiast units like the Airthings View Plus ($299) or the IQAir AirVisual Pro ($269) but directly competing with the Govee H5106 and Temtop M10. $69.99. Tap for full review and where to buy. #gadgetstyle #techfinds #coolgadgets #edc #everydaycarry #edctech #amazonalexagadgets","https://www.gadgetstyle.com.au/product/amazon-smart-air-quality-monitor-makes-it-easy-to-understand-what-s-in-your-indo","","gadgetstyle techfinds coolgadgets edc everydaycarry edctech amazonalexagadgets"
"Blink Floodlight Cam gives you a totally wireless outdoor HD smart security setup","/images/mirrored/Amazon-Blink-Floodlight-Cam-Wireless-Outdoor-Camera-01.jpg","Outdoor & Adventure Tech","/images/mirrored/Amazon-Blink-Floodlight-Cam-Wireless-Outdoor-Camera-01.jpg","Battery-powered outdoor security cameras occupy a crowded middle tier between wired PoE installs and cheap solar-tethered budget cams. $139.98. Tap for full review and where to buy. #gadgetstyle #techfinds #coolgadgets #outdoorgear #adventuretech #hikinggear #amazonalexagadgets","https://www.gadgetstyle.com.au/product/blink-floodlight-cam-gives-you-a-totally-wireless-outdoor-hd-smart-security-setu","","gadgetstyle techfinds coolgadgets outdoorgear adventuretech hikinggear amazonalexagadgets"
"Blink Solar Panel Charging Mount uses the sun’s power to charge the Blink Outdoor","/images/mirrored/Amazon-Blink-Outdoor-Solar-Panel-Charging-Mount-01.jpeg","Smart Home","/images/mirrored/Amazon-Blink-Outdoor-Solar-Panel-Charging-Mount-01.jpeg","The Blink Outdoor solar charging mount occupies a specific niche in the outdoor security camera ecosystem: perpetual-power accessories for wire-free cameras. $129.98. Tap for full review and where to buy. #gadgetstyle #techfinds #coolgadgets #smarthome #homeautomation #smarthometech #amazonalexagadgets","https://www.gadgetstyle.com.au/product/blink-solar-panel-charging-mount-uses-the-sun-s-power-to-charge-the-blink-outdoo","","gadgetstyle techfinds coolgadgets smarthome homeautomation smarthometech amazonalexagadgets"
"Blink Smart Video Doorbell allows you to answer your door anywhere from your smartphone","/images/mirrored/Amazon-Blink-Smart-Video-Doorbell-01.jpeg","Audio & Sound","/images/mirrored/Amazon-Blink-Smart-Video-Doorbell-01.jpeg","The Blink Video Doorbell sits in the budget-to-midrange wired-or-wireless doorbell camera segment, competing directly with the Ring Video Doorbell (4th gen) at $99 and the Eufy Video Doorbell E340 rather than the premium Nest Doorbell. $49.99. Tap for full review and where to buy. #gadgetstyle #techfinds #coolgadgets #audiophile #headphones #wirelessaudio #amazonalexagadgets","https://www.gadgetstyle.com.au/product/blink-smart-video-doorbell-allows-you-to-answer-your-door-anywhere-from-your-sma","","gadgetstyle techfinds coolgadgets audiophile headphones wirelessaudio amazonalexagadgets"
"Amazon Halo View fitness band offers a bright AMOLED color display to see health metrics","/images/mirrored/Amazon-Halo-View-AMOLED-Display-Fitness-Band-01.jpeg","Wearables & Fitness","/images/mirrored/Amazon-Halo-View-AMOLED-Display-Fitness-Band-01.jpeg","The Halo View occupies the budget end of the fitness band segment, sitting below Fitbit's Inspire 3 and well beneath Garmin's entry-level trackers, but it competes directly with the Xiaomi Smart Band 7 and Samsung's Galaxy Fit3 on price. $79.99. Tap for full review and where to buy. #gadgetstyle #techfinds #coolgadgets #wearabletech #fitnesstracker #smartwatch #activitytrackers","https://www.gadgetstyle.com.au/product/amazon-halo-view-fitness-band-offers-a-bright-amoled-color-display-to-see-health","","gadgetstyle techfinds coolgadgets wearabletech fitnesstracker smartwatch activitytrackers"
"Amazon Glow smart display projector combines video calling with immersive projection","/images/mirrored/Amazon-Glow-smart-display-projector-001.jpeg","Everyday Carry & Accessories","/images/mirrored/Amazon-Glow-smart-display-projector-001.jpeg","The Amazon Glow occupies a narrow but defensible niche: a dedicated child-focused video calling device with an integrated projection surface. $249.99. Tap for full review and where to buy. #gadgetstyle #techfinds #coolgadgets #edc #everydaycarry #edctech #amazonalexagadgets","https://www.gadgetstyle.com.au/product/amazon-glow-smart-display-projector-combines-video-calling-with-immersive-projec","","gadgetstyle techfinds coolgadgets edc everydaycarry edctech amazonalexagadgets"
"Amazon Smart Thermostat automatically adjusts your indoor environment with advanced tech","/images/mirrored/Amazon-x-Honeywell-Home-Smart-Thermostat-01.jpg","Smart Home","/images/mirrored/Amazon-x-Honeywell-Home-Smart-Thermostat-01.jpg","At $79.99, the Amazon Smart Thermostat occupies the entry tier of a category bounded above by the Ecobee Smart Premium ($249) and Google Nest Learning Thermostat ($280), and sits roughly level with the Wyze Thermostat ($69) and Honeywell Home T6 Pro ($80). $79.99. Tap for full review and where to buy. #gadgetstyle #techfinds #coolgadgets #smarthome #homeautomation #smarthometech #amazonalexagadgets","https://www.gadgetstyle.com.au/product/amazon-smart-thermostat-automatically-adjusts-your-indoor-environment-with-advan","","gadgetstyle techfinds coolgadgets smarthome homeautomation smarthometech amazonalexagadgets"
"Amazon 11th Gen. Kindle Paperwhite has a 6.8-inch display and an adjustable warm light","/images/mirrored/Amazon-6-8-Inch-Kindle-Paperwhite-01.jpeg","Everyday Carry & Accessories","/images/mirrored/Amazon-6-8-Inch-Kindle-Paperwhite-01.jpeg","The Paperwhite sits at the top of Amazon's non-Oasis Kindle lineup — above the base Kindle but below the now-discontinued Oasis — and the 11th generation represents the most significant spec jump the line has seen in years. $139.99. Tap for full review and where to buy. #gadgetstyle #techfinds #coolgadgets #edc #everydaycarry #edctech #giftideas100200","https://www.gadgetstyle.com.au/product/amazon-11th-gen-kindle-paperwhite-has-a-6-8-inch-display-and-an-adjustable-warm-","","gadgetstyle techfinds coolgadgets edc everydaycarry edctech giftideas100200"
"Amazon Fire TV Omni Series 4K UHD Smart TV features Dolby Vision and built-in Alexa","/images/mirrored/Amazon-Fire-65-4K-UHD-TV-Omni-Series-with-Dolby-Vision-001.jpeg","Smart Home","/images/mirrored/Amazon-Fire-65-4K-UHD-TV-Omni-Series-with-Dolby-Vision-001.jpeg","The Fire TV Omni 65"" sits in the mid-range 4K smart TV segment, competing directly with the TCL 5-Series (S555) and Hisense U6 series at similar price points — both of which have moved to QLED panels at this tier. $599.99. Tap for full review and where to buy. #gadgetstyle #techfinds #coolgadgets #smarthome #homeautomation #smarthometech #amazonalexagadgets","https://www.gadgetstyle.com.au/product/amazon-fire-tv-omni-series-4k-uhd-smart-tv-features-dolby-vision-and-built-in-al","","gadgetstyle techfinds coolgadgets smarthome homeautomation smarthometech amazonalexagadgets"
"Amazon Smart Soap Dispenser has a 20-second timer and works with a compatible Echo device","/images/mirrored/Amazon-Smart-Soap-Dispenser-05.jpg","Everyday Carry & Accessories","/images/mirrored/Amazon-Smart-Soap-Dispenser-05.jpg","Amazon's touchless soap dispenser sits in the premium tier of the automatic home-hygiene accessory market — a category that mostly tops out around $30 with dumb IR-triggered pumps from Simplehuman and SECURA. $54.99. Tap for full review and where to buy. #gadgetstyle #techfinds #coolgadgets #edc #everydaycarry #edctech #amazonalexagadgets","https://www.gadgetstyle.com.au/product/amazon-smart-soap-dispenser-has-a-20-second-timer-and-works-with-a-compatible-ec","","gadgetstyle techfinds coolgadgets edc everydaycarry edctech amazonalexagadgets"
"Bose Smart Soundbar 300 sleek speaker gives you spacious sound and versatile connectivity","/images/mirrored/Bose-Smart-Soundbar-300-sleek-speaker-02.jpeg","Audio & Sound","/images/mirrored/Bose-Smart-Soundbar-300-sleek-speaker-02.jpeg","The Bose Smart Soundbar 300 sits at the entry point of Bose's current soundbar lineup, slotting below the Soundbar 600 and 900 in a sub-$500 segment that also includes the Sonos Ray and Samsung HW-S60D. $499.00. Tap for full review and where to buy. #gadgetstyle #techfinds #coolgadgets #audiophile #headphones #wirelessaudio #amazonalexagadgets","https://www.gadgetstyle.com.au/product/bose-smart-soundbar-300-sleek-speaker-gives-you-spacious-sound-and-versatile-con","","gadgetstyle techfinds coolgadgets audiophile headphones wirelessaudio amazonalexagadgets"
"Amazon Echo Show 5 Kids 2nd Gen children’s tablet has recycled plastics & a 2 MP camera","/images/mirrored/Amazon-Echo-Show-5-Kids-2nd-Gen-01.jpeg","Everyday Carry & Accessories","/images/mirrored/Amazon-Echo-Show-5-Kids-2nd-Gen-01.jpeg","The Echo Show 5 Kids sits in a narrow but crowded niche: dedicated children's smart displays, competing directly with the LeapFrog Magic Adventures Tablet and the standard Echo Show 5 running Amazon Kids. $94.99. Tap for full review and where to buy. #gadgetstyle #techfinds #coolgadgets #edc #everydaycarry #edctech #gadgetsforkids","https://www.gadgetstyle.com.au/product/amazon-echo-show-5-kids-2nd-gen-children-s-tablet-has-recycled-plastics-and-a-2-","","gadgetstyle techfinds coolgadgets edc everydaycarry edctech gadgetsforkids"
"Amazon Echo Show 8 2nd-Gen smart display gadget has stereo speakers and an 8″ display","/images/mirrored/Amazon-Echo-Show-8-2nd-Gen-Smart-Display-01.jpeg","Everyday Carry & Accessories","/images/mirrored/Amazon-Echo-Show-8-2nd-Gen-Smart-Display-01.jpeg","The Echo Show 8 (2nd Gen) sits in the mid-tier of Amazon's smart display lineup, above the Show 5 but below the 10-inch Show 10 with its motorized base. $129.99. Tap for full review and where to buy. #gadgetstyle #techfinds #coolgadgets #edc #everydaycarry #edctech #amazonalexagadgets","https://www.gadgetstyle.com.au/product/amazon-echo-show-8-2nd-gen-smart-display-gadget-has-stereo-speakers-and-an-8-dis","","gadgetstyle techfinds coolgadgets edc everydaycarry edctech amazonalexagadgets"
"Amazon Echo Show 5 2nd Gen smart display easily manages your life and smart home","/images/mirrored/Amazon-Echo-Show-5-2nd-Gen-Smart-Display-01.jpg","Smart Home","/images/mirrored/Amazon-Echo-Show-5-2nd-Gen-Smart-Display-01.jpg","The compact smart display segment sits between dumb Bluetooth speakers and the more capable 8- and 10-inch Show tiers, and the Show 5 second generation occupies the entry point of that bracket — a bedside-table and kitchen-counter device rather than a primary home hub. $84.99. Tap for full review and where to buy. #gadgetstyle #techfinds #coolgadgets #smarthome #homeautomation #smarthometech #amazonalexagadgets","https://www.gadgetstyle.com.au/product/amazon-echo-show-5-2nd-gen-smart-display-easily-manages-your-life-and-smart-home","","gadgetstyle techfinds coolgadgets smarthome homeautomation smarthometech amazonalexagadgets"
"Amazon Fire HD 10 Kids and Kids Pro 2021 tablets have octa-core processors & tough designs","/images/mirrored/Amazon-Fire-HD-10-Kids-and-Kids-Pro-tablets-01.jpeg","Everyday Carry & Accessories","/images/mirrored/Amazon-Fire-HD-10-Kids-and-Kids-Pro-tablets-01.jpeg","The Fire HD 10 Kids sits at the top of Amazon's child-focused tablet lineup, competing directly with the LeapFrog Epic Academy Edition and the base iPad paired with a third-party rugged case — though Amazon bundles the protection and content ecosystem into one price. $199.99. Tap for full review and where to buy. #gadgetstyle #techfinds #coolgadgets #edc #everydaycarry #edctech #gadgetsforkids","https://www.gadgetstyle.com.au/product/amazon-fire-hd-10-kids-and-kids-pro-2021-tablets-have-octa-core-processors-and-t","","gadgetstyle techfinds coolgadgets edc everydaycarry edctech gadgetsforkids"
"Amazon Fire HD 10 Plus tablet features a powerful octa-core processor and 3 GB of RAM","/images/mirrored/Amazon-Fire-HD-10-Plus-tablet-01.jpg","Everyday Carry & Accessories","/images/mirrored/Amazon-Fire-HD-10-Plus-tablet-01.jpg","The Fire HD 10 Plus occupies the upper tier of Amazon's own tablet lineup — sitting above the base HD 10 and below the productivity-oriented Fire Max 11 — while competing externally against the Lenovo Tab M10 Plus Gen 3 and the lower end of Samsung's Galaxy Tab A series. $179.99. Tap for full review and where to buy. #gadgetstyle #techfinds #coolgadgets #edc #everydaycarry #edctech #amazonalexagadgets","https://www.gadgetstyle.com.au/product/amazon-fire-hd-10-plus-tablet-features-a-powerful-octa-core-processor-and-3-gb-o","","gadgetstyle techfinds coolgadgets edc everydaycarry edctech amazonalexagadgets"
"Amazon Smart Nutrition Scale shares the calories, carbs, and sugar content of food","/images/mirrored/Amazon-Smart-Nutrition-Scale-01.jpeg","Everyday Carry & Accessories","/images/mirrored/Amazon-Smart-Nutrition-Scale-01.jpeg","A Bluetooth-connected kitchen scale with Alexa integration sits in a narrow product lane — somewhere between a dumb postal scale and a full connected nutrition tracker like the Withings Body Cardio ecosystem. $34.99. Tap for full review and where to buy. #gadgetstyle #techfinds #coolgadgets #edc #everydaycarry #edctech #amazonalexagadgets","https://www.gadgetstyle.com.au/product/amazon-smart-nutrition-scale-shares-the-calories-carbs-and-sugar-content-of-food","","gadgetstyle techfinds coolgadgets edc everydaycarry edctech amazonalexagadgets"
"Amazon Smart Cuckoo Clock lets you set timers, alarms, and more via voice command","/images/mirrored/Amazon-Smart-Cuckoo-Clock-01.jpg","Smart Home","/images/mirrored/Amazon-Smart-Cuckoo-Clock-01.jpg","The smart clock category has split cleanly into two camps: screen-forward Echo Show-style hubs and ambient devices that blend into a room. $79.99. Tap for full review and where to buy. #gadgetstyle #techfinds #coolgadgets #smarthome #homeautomation #smarthometech #amazonalexagadgets","https://www.gadgetstyle.com.au/product/amazon-smart-cuckoo-clock-lets-you-set-timers-alarms-and-more-via-voice-command","","gadgetstyle techfinds coolgadgets smarthome homeautomation smarthometech amazonalexagadgets"
"Amazon Smart Sticky Note Printer works with Alexa and your Echo device","/images/mirrored/Amazon-Smart-Sticky-Note-Printer-01.jpg","Smart Home","/images/mirrored/Amazon-Smart-Sticky-Note-Printer-01.jpg","The thermal sticky note printer sits in a narrow but growing niche between traditional label makers and smart home peripheral displays — think Brother QL-820NWB territory, but pivoting hard toward ambient computing rather than logistics. $89.99. Tap for full review and where to buy. #gadgetstyle #techfinds #coolgadgets #smarthome #homeautomation #smarthometech #amazonalexagadgets","https://www.gadgetstyle.com.au/product/amazon-smart-sticky-note-printer-works-with-alexa-and-your-echo-device","","gadgetstyle techfinds coolgadgets smarthome homeautomation smarthometech amazonalexagadgets"
"Amazon 2nd Gen Echo Frames feature open-ear audio and hands-free access to Alexa","/images/mirrored/Amazon-2nd-Gen-Echo-Frames-01.jpg","Audio & Sound","/images/mirrored/Amazon-2nd-Gen-Echo-Frames-01.jpg","Open-ear audio glasses occupy a niche between bone conduction wearables like the Shokz OpenRun Pro and true wireless earbuds — and the second-generation Echo Frames sit at the premium end of that niche, priced at $249.99 against competitors like the Bose Frames Tempo and Razer Anzu. $249.99. Tap for full review and where to buy. #gadgetstyle #techfinds #coolgadgets #audiophile #headphones #wirelessaudio #amazonalexagadgets","https://www.gadgetstyle.com.au/product/amazon-2nd-gen-echo-frames-feature-open-ear-audio-and-hands-free-access-to-alexa","","gadgetstyle techfinds coolgadgets audiophile headphones wirelessaudio amazonalexagadgets"
"Amazon Echo Show 10 (3rd Gen) smart display has a motorized base","/images/mirrored/Amazon-Echo-Show-10-smart-speaker-01.jpg","Everyday Carry & Accessories","/images/mirrored/Amazon-Echo-Show-10-smart-speaker-01.jpg","The Echo Show 10 occupies the premium tier of Amazon's smart display lineup — above the Show 8 and well above the Show 5 — and its defining hardware differentiator is a 360-degree motorized base that physically rotates the unit to track the user around the room. $249.99. Tap for full review and where to buy. #gadgetstyle #techfinds #coolgadgets #edc #everydaycarry #edctech #amazonalexagadgets","https://www.gadgetstyle.com.au/product/amazon-echo-show-10-3rd-gen-smart-display-has-a-motorized-base","","gadgetstyle techfinds coolgadgets edc everydaycarry edctech amazonalexagadgets"
"Amazon All-New Fire TV Stick comes with the Alexa Voice Remote","/images/mirrored/Amazon-All-New-Fire-TV-Stick-01.jpg","Smart Home","/images/mirrored/Amazon-All-New-Fire-TV-Stick-01.jpg","The Fire TV Stick occupies the entry-level end of the HDMI streaming dongle market — a category that includes the Roku Streaming Stick 4K, Google Chromecast with Google TV (HD), and Apple TV's absent budget tier. $39.99. Tap for full review and where to buy. #gadgetstyle #techfinds #coolgadgets #smarthome #homeautomation #smarthometech #amazonalexagadgets","https://www.gadgetstyle.com.au/product/amazon-all-new-fire-tv-stick-comes-with-the-alexa-voice-remote","","gadgetstyle techfinds coolgadgets smarthome homeautomation smarthometech amazonalexagadgets"
"Amazon Fire TV Stick Lite comes with the Alexa Voice Remote Lite","/images/mirrored/Amazon-Fire-TV-Stick-Lite-01.jpg","Smart Home","/images/mirrored/Amazon-Fire-TV-Stick-Lite-01.jpg","At $29.99, the Fire TV Stick Lite sits at the absolute floor of the dedicated streaming stick market — below the standard Fire TV Stick, well below the 4K Max, and competing directly with the Roku Express and Chromecast with Google TV (HD). $29.99. Tap for full review and where to buy. #gadgetstyle #techfinds #coolgadgets #smarthome #homeautomation #smarthometech #amazonalexagadgets","https://www.gadgetstyle.com.au/product/amazon-fire-tv-stick-lite-comes-with-the-alexa-voice-remote-lite","","gadgetstyle techfinds coolgadgets smarthome homeautomation smarthometech amazonalexagadgets"
"Amazon Fire HD 8 Plus 32 GB Tablet lets you enjoy your favorite apps","/images/mirrored/Amazon-Fire-HD-8-Plus-32-GB-Tablet-002.jpg","Everyday Carry & Accessories","/images/mirrored/Amazon-Fire-HD-8-Plus-32-GB-Tablet-002.jpg","Amazon's mid-tier 8-inch tablet segment is genuinely crowded — the Lenovo Tab M8, Nokia T10, and Samsung Galaxy Tab A7 Lite all fight for the same $100–$130 bracket — and the Fire HD 8 Plus sits near the top of that pile specifically because Amazon controls the software stack around it. $109.99. Tap for full review and where to buy. #gadgetstyle #techfinds #coolgadgets #edc #everydaycarry #edctech #amazonalexagadgets","https://www.gadgetstyle.com.au/product/amazon-fire-hd-8-plus-32-gb-tablet-lets-you-enjoy-your-favorite-apps","","gadgetstyle techfinds coolgadgets edc everydaycarry edctech amazonalexagadgets"
"Amazon Kindle Paperwhite Waterproof eReader has a completely glare-free screen","/images/mirrored/Amazon-Kindle-Paperwhite-Waterproof-eReader-01.jpeg","Everyday Carry & Accessories","/images/mirrored/Amazon-Kindle-Paperwhite-Waterproof-eReader-01.jpeg","The Paperwhite sits in the mid-tier of Amazon's own e-reader stack — above the entry-level Kindle but below the Oasis and the newer Kindle Colorsoft. $129.99. Tap for full review and where to buy. #gadgetstyle #techfinds #coolgadgets #edc #everydaycarry #edctech #giftideas100200","https://www.gadgetstyle.com.au/product/amazon-kindle-paperwhite-waterproof-ereader-has-a-completely-glare-free-screen","","gadgetstyle techfinds coolgadgets edc everydaycarry edctech giftideas100200"
"Amazon Echo Show 8 HD Smart Screen is the smart home hub for your kitchen","/images/mirrored/Amazon-Echo-Show-8-HD-Smart-Screen-003.jpg","Smart Home","/images/mirrored/Amazon-Echo-Show-8-HD-Smart-Screen-003.jpg","The third-generation Echo Show 8 sits in the mid-tier of Amazon's smart display lineup, slotting between the compact Show 5 and the living-room-oriented Show 15. $129.99. Tap for full review and where to buy. #gadgetstyle #techfinds #coolgadgets #smarthome #homeautomation #smarthometech #amazonalexagadgets","https://www.gadgetstyle.com.au/product/amazon-echo-show-8-hd-smart-screen-is-the-smart-home-hub-for-your-kitchen","","gadgetstyle techfinds coolgadgets smarthome homeautomation smarthometech amazonalexagadgets"
"Amazon Fire HD 8 Alexa Tablet offers up to 10 hours of battery life","/images/mirrored/Amazon-Fire-HD-8-Alexa-Tablet-01.jpg","Smart Home","/images/mirrored/Amazon-Fire-HD-8-Alexa-Tablet-01.jpg","Amazon's entry-level 8-inch tablet sits in a crowded segment dominated by the Lenovo Tab M8, TCL Tab 8 LE, and its own Fire 7 sibling. $79.99. Tap for full review and where to buy. #gadgetstyle #techfinds #coolgadgets #smarthome #homeautomation #smarthometech #amazonalexagadgets","https://www.gadgetstyle.com.au/product/amazon-fire-hd-8-alexa-tablet-offers-up-to-10-hours-of-battery-life","","gadgetstyle techfinds coolgadgets smarthome homeautomation smarthometech amazonalexagadgets"
"Amazon Fire TV Blaster Voice-Control Entertainment Device lets your media setup respond to…","/images/mirrored/Amazon-Fire-TV-Blaster-Voice-Control-Entertainment-Device-01.jpg","Audio & Sound","/images/mirrored/Amazon-Fire-TV-Blaster-Voice-Control-Entertainment-Device-01.jpg","The Fire TV Blaster sits in a narrow but well-populated category: IR/RF blasters designed to bridge voice assistants with legacy AV equipment that predates app-based control. $34.99. Tap for full review and where to buy. #gadgetstyle #techfinds #coolgadgets #audiophile #headphones #wirelessaudio #amazonalexagadgets","https://www.gadgetstyle.com.au/product/amazon-fire-tv-blaster-voice-control-entertainment-device-lets-your-media-setup-","","gadgetstyle techfinds coolgadgets audiophile headphones wirelessaudio amazonalexagadgets"
"Amazon All-New Fire HD 10 Kids Edition Children’s Tablet comes with a variety of educational…","/images/mirrored/Amazon-All-New-Fire-HD-10-Kids-Edition-Childrens-Tablet-01.jpg","Everyday Carry & Accessories","/images/mirrored/Amazon-All-New-Fire-HD-10-Kids-Edition-Childrens-Tablet-01.jpg","The Fire HD 10 Kids Edition occupies the upper tier of the dedicated children's tablet segment — above the 8-inch Fire HD 8 Kids but priced squarely against the entry-level iPad (10th gen with a case) and Samsung's Galaxy Tab A9. $199.99. Tap for full review and where to buy. #gadgetstyle #techfinds #coolgadgets #edc #everydaycarry #edctech #amazonalexagadgets","https://www.gadgetstyle.com.au/product/amazon-all-new-fire-hd-10-kids-edition-children-s-tablet-comes-with-a-variety-of","","gadgetstyle techfinds coolgadgets edc everydaycarry edctech amazonalexagadgets"
"Amazon All-New Fire HD 10 Alexa-Enabled Tablet now gives you up to 12 hours of battery life","/images/mirrored/Amazon-All-New-Fire-HD-10-Alexa-Enabled-Tablet-01.jpg","Smart Home","/images/mirrored/Amazon-All-New-Fire-HD-10-Alexa-Enabled-Tablet-01.jpg","The Fire HD 10 sits at the upper end of Amazon's Fire tablet lineup, slotting above the HD 8 in screen real estate and battery spec while undercutting the iPad 10th-gen by roughly $350 at base configuration. $149.99. Tap for full review and where to buy. #gadgetstyle #techfinds #coolgadgets #smarthome #homeautomation #smarthometech #amazonalexagadgets","https://www.gadgetstyle.com.au/product/amazon-all-new-fire-hd-10-alexa-enabled-tablet-now-gives-you-up-to-12-hours-of-b","","gadgetstyle techfinds coolgadgets smarthome homeautomation smarthometech amazonalexagadgets"
"Amazon Echo Flex Smart Outlet Speaker extends your Alexa range","/images/mirrored/Amazon-Echo-Flex-Smart-Wall-Outlet-01.jpg","Audio & Sound","/images/mirrored/Amazon-Echo-Flex-Smart-Wall-Outlet-01.jpg","The Echo Flex occupies the bottom rung of Amazon's first-party Alexa hardware lineup — a plug-in smart speaker designed purely for Alexa coverage expansion rather than audio performance. $24.99. Tap for full review and where to buy. #gadgetstyle #techfinds #coolgadgets #audiophile #headphones #wirelessaudio #amazonalexagadgets","https://www.gadgetstyle.com.au/product/amazon-echo-flex-smart-outlet-speaker-extends-your-alexa-range","","gadgetstyle techfinds coolgadgets audiophile headphones wirelessaudio amazonalexagadgets"
"Amazon Alexa Smart Oven manages the cooking for you","/images/mirrored/Amazon-Smart-Oven-01.jpg","Smart Home","/images/mirrored/Amazon-Smart-Oven-01.jpg","The Alexa-enabled countertop oven occupies an interesting corner of the smart kitchen appliance space — above basic convection units from Cuisinart or Breville, but below the full-featured smart ovens from Balmuda or the June Oven, which uses a computer-vision system and costs roughly twice as much. $249.99. Tap for full review and where to buy. #gadgetstyle #techfinds #coolgadgets #smarthome #homeautomation #smarthometech #amazonalexagadgets","https://www.gadgetstyle.com.au/product/amazon-alexa-smart-oven-manages-the-cooking-for-you","","gadgetstyle techfinds coolgadgets smarthome homeautomation smarthometech amazonalexagadgets"
"Amazon Echo Buds In-Ear Headphones use Bose noise-reducing technology","/images/mirrored/Amazon-Echo-Buds-In-Ear-Headphones-03.jpg","Everyday Carry & Accessories","/images/mirrored/Amazon-Echo-Buds-In-Ear-Headphones-03.jpg","The Echo Buds sit in the increasingly crowded sub-$150 true wireless segment, competing directly with the Jabra Elite 4, Soundcore Liberty 4, and the older Sony WF-C700N. $129.99. Tap for full review and where to buy. #gadgetstyle #techfinds #coolgadgets #edc #everydaycarry #edctech #amazonalexagadgets","https://www.gadgetstyle.com.au/product/amazon-echo-buds-in-ear-headphones-use-bose-noise-reducing-technology","","gadgetstyle techfinds coolgadgets edc everydaycarry edctech amazonalexagadgets"
"Amazon Echo Studio Dolby Atmos Speaker gives you the sound you’ve been missing","/images/mirrored/Amazon-Echo-Studio-Dolby-Atmos-Speaker-01.jpg","Audio & Sound","/images/mirrored/Amazon-Echo-Studio-Dolby-Atmos-Speaker-01.jpg","The Echo Studio sits at the upper end of Amazon's first-party speaker lineup, slotting above the Echo (4th Gen) and targeting the $150–$250 smart speaker segment where it competes directly with the Sonos Era 100 and Apple HomePod (2nd gen). $199.99. Tap for full review and where to buy. #gadgetstyle #techfinds #coolgadgets #audiophile #headphones #wirelessaudio #amazonalexagadgets","https://www.gadgetstyle.com.au/product/amazon-echo-studio-dolby-atmos-speaker-gives-you-the-sound-you-ve-been-missing","","gadgetstyle techfinds coolgadgets audiophile headphones wirelessaudio amazonalexagadgets"
"Amazon Echo Dot with Clock Smart Alarm is a discreet alarm clock for your nightstand","/images/mirrored/Amazon-Echo-Dot-with-Clock-03.jpg","Smart Home","/images/mirrored/Amazon-Echo-Dot-with-Clock-03.jpg","The Echo Dot with Clock sits in Amazon's own product stack between the baseline fifth-gen Echo Dot ($49.99) and the full Echo Show 5 ($89.99). $59.99. Tap for full review and where to buy. #gadgetstyle #techfinds #coolgadgets #smarthome #homeautomation #smarthometech #amazonalexagadgets","https://www.gadgetstyle.com.au/product/amazon-echo-dot-with-clock-smart-alarm-is-a-discreet-alarm-clock-for-your-nights","","gadgetstyle techfinds coolgadgets smarthome homeautomation smarthometech amazonalexagadgets"
"Amazon Fire TV Cube Alexa Streaming Box gives you voice control of your television and home","/images/mirrored/Amazon-Fire-TV-Cube-Alexa-Streaming-Box-New-01.jpg","Smart Home","/images/mirrored/Amazon-Fire-TV-Cube-Alexa-Streaming-Box-New-01.jpg","The Fire TV Cube sits at the top of Amazon's own streaming hardware stack, above the Stick 4K Max and the standard Stick 4K, competing directly with the Roku Ultra, Apple TV 4K (3rd gen), and Google's Chromecast with Google TV HD — though at $119.99, it undercuts the Apple TV 4K's $129 entry point while matching the Roku Ultra dollar for dollar. $119.99. Tap for full review and where to buy. #gadgetstyle #techfinds #coolgadgets #smarthome #homeautomation #smarthometech #amazonalexagadgets","https://www.gadgetstyle.com.au/product/amazon-fire-tv-cube-alexa-streaming-box-gives-you-voice-control-of-your-televisi","","gadgetstyle techfinds coolgadgets smarthome homeautomation smarthometech amazonalexagadgets"
"Amazon Echo Show 15 Gen 2: Smart Display for Home Organization and Entertainment","/images/mirrored/Amazon-Echo-Show-15-2nd-Gen-01.jpg","Smart Home","/images/mirrored/Amazon-Echo-Show-15-2nd-Gen-01.jpg","The 15.6-inch wall-mount smart display category is a small but contested space — the Show 15 Gen 2 competes directly with the Google Nest Hub Max (10-inch, so not a true rival on size) and indirectly with repurposed Android tablets running Home Assistant or Google Home dashboards. $299.99. Tap for full review and where to buy. #gadgetstyle #techfinds #coolgadgets #smarthome #homeautomation #smarthometech #amazonalexagadgets","https://www.gadgetstyle.com.au/product/amazon-echo-show-15-gen-2-smart-display-for-home-organization-and-entertainment","","gadgetstyle techfinds coolgadgets smarthome homeautomation smarthometech amazonalexagadgets"
"AmazonBasics Humidifier aroma diffuser with a light combats dry air","/images/mirrored/AmazonBasics-Humidifier-aroma-diffuser-with-light-04.jpg","Everyday Carry & Accessories","/images/mirrored/AmazonBasics-Humidifier-aroma-diffuser-with-light-04.jpg","The humidifier/diffuser combo is a crowded, undifferentiated space dominated by ultrasonic evaporative units in the $25–$60 bracket — think Levoit Classic 300S, Crane EE-5301, and a dense pack of no-name ultrasonic tanks. $31.99. Tap for full review and where to buy. #gadgetstyle #techfinds #coolgadgets #edc #everydaycarry #edctech #giftideas2050","https://www.gadgetstyle.com.au/product/amazonbasics-humidifier-aroma-diffuser-with-a-light-combats-dry-air","","gadgetstyle techfinds coolgadgets edc everydaycarry edctech giftideas2050"
"Soundboks Mix","/images/mirrored/Soundboks-Mix-01.jpg","Audio & Sound","/images/mirrored/Soundboks-Mix-01.jpg","The Soundboks Mix sits at the top of the portable party speaker category — not the compact JBL Xtreme or UE Hyperboom tier, but the full-scale, bring-it-to-the-festival class where it competes directly with the Bose S1 Pro+ and the JBL PartyBox 310. $799.00. Tap for full review and where to buy. #gadgetstyle #techfinds #coolgadgets #audiophile #headphones #wirelessaudio #bestsummergadgets","https://www.gadgetstyle.com.au/product/soundboks-mix","","gadgetstyle techfinds coolgadgets audiophile headphones wirelessaudio bestsummergadgets"
"CORSAIR MM Anti-Fray Cloth Gaming Mouse Pad","/images/mirrored/CORSAIR-MM-Anti-Fray-03.jpg","Gaming & Accessories","/images/mirrored/CORSAIR-MM-Anti-Fray-03.jpg","Cloth mousepads occupy a well-understood market: they split between speed surfaces and control surfaces, with most budget-to-midrange options landing somewhere in the middle. $12.99. Tap for full review and where to buy. #gadgetstyle #techfinds #coolgadgets #gaming #gamersetup #pcgaming #computeraccessories","https://www.gadgetstyle.com.au/product/corsair-mm-anti-fray-cloth-gaming-mouse-pad","","gadgetstyle techfinds coolgadgets gaming gamersetup pcgaming computeraccessories"
"Amazon eero Pro 7: Tri-Band Mesh Wi-Fi 7 Router with Support for Internet Plans up to 5 Gbps","/images/mirrored/Amazon-eero-Pro-7-Tri-Band-Mesh-Wi-Fi-7-Router-01.jpg","Smart Home","/images/mirrored/Amazon-eero-Pro-7-Tri-Band-Mesh-Wi-Fi-7-Router-01.jpg","Eero's flagship mesh node sits at the top of a crowded Wi-Fi 7 mesh category that includes the Netgear Orbi 970, TP-Link Deco BE95, and Google Nest Wi-Fi Pro. $299.99. Tap for full review and where to buy. #gadgetstyle #techfinds #coolgadgets #smarthome #homeautomation #smarthometech #amazonalexagadgets","https://www.gadgetstyle.com.au/product/amazon-eero-pro-7-tri-band-mesh-wi-fi-7-router-with-support-for-internet-plans-u","","gadgetstyle techfinds coolgadgets smarthome homeautomation smarthometech amazonalexagadgets"
"Outdoor 7: IP66-Rated Access Point for Your Wi-Fi Network by eero on Gadget Flow","/images/mirrored/eero-Outdoor-7-Wi-Fi-Router-01.jpg","Outdoor & Adventure Tech","/images/mirrored/eero-Outdoor-7-Wi-Fi-Router-01.jpg","Amazon's eero line has long occupied the prosumer mesh networking space, and the Outdoor 7 extends that into weatherproofed infrastructure territory — competing directly with the Ubiquiti UniFi U6 Mesh and TP-Link EAP670 Outdoor. $349.99. Tap for full review and where to buy. #gadgetstyle #techfinds #coolgadgets #outdoorgear #adventuretech #hikinggear #giftideas200400","https://www.gadgetstyle.com.au/product/outdoor-7-ip66-rated-access-point-for-your-wi-fi-network-by-eero-on-gadget-flow","","gadgetstyle techfinds coolgadgets outdoorgear adventuretech hikinggear giftideas200400"
"Amazon Aware Collection includes carbon neutral apparel, beauty products, and more","/images/mirrored/Amazon-Aware-Collection-01.jpeg","Everyday Carry & Accessories","/images/mirrored/Amazon-Aware-Collection-01.jpeg","The Amazon Aware line sits in the increasingly crowded budget-to-mid sustainable essentials space, competing not against technical apparel brands but against the likes of Quince, Everlane basics, and store-brand organics at Target's Threshold or Walmart's Free Assembly. $5.99. Tap for full review and where to buy. #gadgetstyle #techfinds #coolgadgets #edc #everydaycarry #edctech #apparel","https://www.gadgetstyle.com.au/product/amazon-aware-collection-includes-carbon-neutral-apparel-beauty-products-and-more","","gadgetstyle techfinds coolgadgets edc everydaycarry edctech apparel"
"Amazon Echo Dot 4th-Generation smart speaker is smaller and rounder","/images/mirrored/Amazon-Echo-Dot-smart-speakers-are-smaller-and-more-circular-01.jpg","Audio & Sound","/images/mirrored/Amazon-Echo-Dot-smart-speakers-are-smaller-and-more-circular-01.jpg","The fourth-generation Echo Dot sits at the budget end of Amazon's own speaker lineup — below the Echo (4th-gen) with its 3"" woofer and tweeter array, and well below the Echo Studio's 5.25"" woofer and Dolby Atmos processing. $59.99. Tap for full review and where to buy. #gadgetstyle #techfinds #coolgadgets #audiophile #headphones #wirelessaudio #amazonalexagadgets","https://www.gadgetstyle.com.au/product/amazon-echo-dot-4th-generation-smart-speaker-is-smaller-and-rounder","","gadgetstyle techfinds coolgadgets audiophile headphones wirelessaudio amazonalexagadgets"
"Amazon Luna Controller connects to games in the cloud","/images/mirrored/Amazon-Luna-Controller-001.jpg","Gaming & Accessories","/images/mirrored/Amazon-Luna-Controller-001.jpg","The Luna Controller occupies a specific niche that most enthusiasts overlook: dedicated cloud gaming input. $69.99. Tap for full review and where to buy. #gadgetstyle #techfinds #coolgadgets #gaming #gamersetup #pcgaming #gaminggadgets","https://www.gadgetstyle.com.au/product/amazon-luna-controller-connects-to-games-in-the-cloud","","gadgetstyle techfinds coolgadgets gaming gamersetup pcgaming gaminggadgets"
"Amazon eero Pro 6 mesh Wi-Fi 6 router connects more than 75 devices at once","/images/mirrored/Amazon-Eero-Pro-6-002.jpg","Everyday Carry & Accessories","/images/mirrored/Amazon-Eero-Pro-6-002.jpg","The eero Pro 6 sits in the prosumer mesh Wi-Fi segment, competing directly with the TP-Link Deco XE75 and Netgear Orbi RBK763S at similar price points. $229.00. Tap for full review and where to buy. #gadgetstyle #techfinds #coolgadgets #edc #everydaycarry #edctech #giftideas200400","https://www.gadgetstyle.com.au/product/amazon-eero-pro-6-mesh-wi-fi-6-router-connects-more-than-75-devices-at-once","","gadgetstyle techfinds coolgadgets edc everydaycarry edctech giftideas200400"
"New Amazon Echo 4th-generation smart speaker comes in a spherical shape","/images/mirrored/New-Amazon-Echo-4th-generation-002.jpg","Audio & Sound","/images/mirrored/New-Amazon-Echo-4th-generation-002.jpg","The fourth-generation Echo sits in the mid-tier smart speaker segment — above the Echo Dot's compact, single-driver form factor but below the Echo Studio's 330W five-driver array. $99.00. Tap for full review and where to buy. #gadgetstyle #techfinds #coolgadgets #audiophile #headphones #wirelessaudio #amazonalexagadgets","https://www.gadgetstyle.com.au/product/new-amazon-echo-4th-generation-smart-speaker-comes-in-a-spherical-shape","","gadgetstyle techfinds coolgadgets audiophile headphones wirelessaudio amazonalexagadgets"
"Amazon Echo Dot Kids’ Edition 4th-generation smart speaker has an animal-themed design","/images/mirrored/Amazon-Echo-Dot-Kids-Edition-smart-speaker-02.jpg","Audio & Sound","/images/mirrored/Amazon-Echo-Dot-Kids-Edition-smart-speaker-02.jpg","The 4th-gen Echo Dot Kids is a dedicated children's entry point into Amazon's voice assistant ecosystem, sitting in the small smart speaker category alongside the standard Echo Dot 4th-gen on which it is physically based. $59.99. Tap for full review and where to buy. #gadgetstyle #techfinds #coolgadgets #audiophile #headphones #wirelessaudio #gadgetsforkids","https://www.gadgetstyle.com.au/product/amazon-echo-dot-kids-edition-4th-generation-smart-speaker-has-an-animal-themed-d","","gadgetstyle techfinds coolgadgets audiophile headphones wirelessaudio gadgetsforkids"
"Amazon Halo health and wellness band analyzes your health data","/images/mirrored/Amazon-Halo-health-and-wellness-band-01.jpg","Wearables & Fitness","/images/mirrored/Amazon-Halo-health-and-wellness-band-01.jpg","The Amazon Halo sits in the budget-to-mid activity tracker segment, competing directly with the Fitbit Inspire 3 and Xiaomi Smart Band 8 rather than the Apple Watch SE or Galaxy Watch FE. $99.99. Tap for full review and where to buy. #gadgetstyle #techfinds #coolgadgets #wearabletech #fitnesstracker #smartwatch #activitytrackers","https://www.gadgetstyle.com.au/product/amazon-halo-health-and-wellness-band-analyzes-your-health-data","","gadgetstyle techfinds coolgadgets wearabletech fitnesstracker smartwatch activitytrackers"
"Amazon Dash Smart Shelf inventory-sensing scale automatically detects low stock","/images/mirrored/Amazon-Dash-Smart-Shelf-desk-WI-FI-scale-01.jpg","Everyday Carry & Accessories","/images/mirrored/Amazon-Dash-Smart-Shelf-desk-WI-FI-scale-01.jpg","The Amazon Dash Smart Shelf occupies a narrow but genuinely useful niche: passive, always-on inventory sensing for small business and home-office consumables. $19.99. Tap for full review and where to buy. #gadgetstyle #techfinds #coolgadgets #edc #everydaycarry #edctech #giftideas120","https://www.gadgetstyle.com.au/product/amazon-dash-smart-shelf-inventory-sensing-scale-automatically-detects-low-stock","","gadgetstyle techfinds coolgadgets edc everydaycarry edctech giftideas120"
"AmazonBasics Vintage Retro-Inspired Bluetooth Speaker mixes funky style with modern technology","/images/mirrored/AmazonBasics-Vintage-Retro-Inspired-Bluetooth-Speaker-01.jpg","Audio & Sound","/images/mirrored/AmazonBasics-Vintage-Retro-Inspired-Bluetooth-Speaker-01.jpg","The retro-styled Bluetooth speaker segment has gotten crowded — Crosley, Majority, and Klipsch all compete here with varying degrees of aesthetic commitment versus acoustic seriousness. $137.50. Tap for full review and where to buy. #gadgetstyle #techfinds #coolgadgets #audiophile #headphones #wirelessaudio #giftideas100200","https://www.gadgetstyle.com.au/product/amazonbasics-vintage-retro-inspired-bluetooth-speaker-mixes-funky-style-with-mod","","gadgetstyle techfinds coolgadgets audiophile headphones wirelessaudio giftideas100200"
"Amazon Echo Frames Alexa-Enabled Eyeglasses give you hands-free access to your favorite…","/images/mirrored/Amazon-Echo-Frames-Alexa-Enabled-Eyeglasses-01.jpg","Smart Home","/images/mirrored/Amazon-Echo-Frames-Alexa-Enabled-Eyeglasses-01.jpg","At 31 grams, the Echo Frames sit in the audio eyewear category alongside Bose Frames Tenor and the Ray-Ban Meta glasses — a segment that has consolidated around open-ear audio delivery and voice assistant integration as its two primary value propositions. $179.99. Tap for full review and where to buy. #gadgetstyle #techfinds #coolgadgets #smarthome #homeautomation #smarthometech #amazonalexagadgets","https://www.gadgetstyle.com.au/product/amazon-echo-frames-alexa-enabled-eyeglasses-give-you-hands-free-access-to-your-f","","gadgetstyle techfinds coolgadgets smarthome homeautomation smarthometech amazonalexagadgets"
"Amazon Echo Loop Alexa-Enabled Ring gives you quick access to everything","/images/mirrored/Amazon-Echo-Loop-Alexa-Enabled-Ring-01.jpg","Smart Home","/images/mirrored/Amazon-Echo-Loop-Alexa-Enabled-Ring-01.jpg","The Echo Loop sits at an awkward but genuinely interesting intersection: wearable computing that doesn't try to be a smartwatch. $129.99. Tap for full review and where to buy. #gadgetstyle #techfinds #coolgadgets #smarthome #homeautomation #smarthometech #amazonalexagadgets","https://www.gadgetstyle.com.au/product/amazon-echo-loop-alexa-enabled-ring-gives-you-quick-access-to-everything","","gadgetstyle techfinds coolgadgets smarthome homeautomation smarthometech amazonalexagadgets"
"All-New Amazon Echo Fabric Smart Speaker has the hardware you love from the Echo Plus","/images/mirrored/Amazon-All-New-Echo-Fabric-Smart-Speaker-01.jpg","Audio & Sound","/images/mirrored/Amazon-All-New-Echo-Fabric-Smart-Speaker-01.jpg","The third-generation Echo sits in the mid-tier of Amazon's own speaker lineup — above the Echo Dot's single-driver compromise but below the Echo Studio's 5.1-channel array and Dolby Atmos processing. $99.00. Tap for full review and where to buy. #gadgetstyle #techfinds #coolgadgets #audiophile #headphones #wirelessaudio #amazonalexagadgets","https://www.gadgetstyle.com.au/product/all-new-amazon-echo-fabric-smart-speaker-has-the-hardware-you-love-from-the-echo","","gadgetstyle techfinds coolgadgets audiophile headphones wirelessaudio amazonalexagadgets"
"CREATIVE ART MATERIALS Caran D'ache Ballpoint Pen Metal Fluor Orange (849.030)","/images/mirrored/51GPbQMFLIL._AC_SL1200_.jpg","Everyday Carry & Accessories","/images/mirrored/51GPbQMFLIL._AC_SL1200_.jpg","The 849 sits in the sub-$30 Swiss everyday-carry pen segment, a category that includes the Kaweco Sport, Lamy Safari ballpoint, and Zebra F-701 — pens bought not because they write differently from a Bic but because the object itself is worth carrying. $0.00. Tap for full review and where to buy. #gadgetstyle #techfinds #coolgadgets #edc #everydaycarry #edctech #carandache #orangevibestoolsandtoys #toolsandtoyspick","https://www.gadgetstyle.com.au/product/creative-art-materials-caran-dache-ballpoint-pen-metal-fluor-orange-849-030","","gadgetstyle techfinds coolgadgets edc everydaycarry edctech carandache orangevibestoolsandtoys toolsandtoyspick"
"Field Notes: Expedition 3-Pack Waterproof Notebook with Dot-Graph Paper - 3.5"" x 5.5""","/images/mirrored/71rK-wvahQL._AC_SL1500_.jpg","Everyday Carry & Accessories","/images/mirrored/71rK-wvahQL._AC_SL1500_.jpg","The Expedition sits at the top of Field Notes' lineup — this is their weather-hardened tier, not the standard kraft-cover memo book most people picture when they hear the brand. $0.00. Tap for full review and where to buy. #gadgetstyle #techfinds #coolgadgets #edc #everydaycarry #edctech #fieldnotes #orangevibestoolsandtoys #toolsandtoyspick","https://www.gadgetstyle.com.au/product/field-notes-expedition-3-pack-waterproof-notebook-with-dot-graph-paper-3-5-x-5-5","","gadgetstyle techfinds coolgadgets edc everydaycarry edctech fieldnotes orangevibestoolsandtoys toolsandtoyspick"
"Le Creuset PG90433A-002 Stoneware Mug, Set of 4, 14-Ounce, Flame","/images/mirrored/61EYvBsQ59L._AC_SL1500_.jpg","Everyday Carry","/images/mirrored/61EYvBsQ59L._AC_SL1500_.jpg","Stoneware mugs occupy a narrow but well-understood niche between mass-market ceramic and the premium porcelain used in specialty café ware. $0.00. Tap for full review and where to buy. #gadgetstyle #techfinds #coolgadgets #lecreuset #orangevibestoolsandtoys #toolsandtoyspick","https://www.gadgetstyle.com.au/product/le-creuset-pg90433a-002-stoneware-mug-set-of-4-14-ounce-flame","","gadgetstyle techfinds coolgadgets lecreuset orangevibestoolsandtoys toolsandtoyspick"
"Le Creuset Enameled Cast Iron Signature Round Dutch Oven, 5.5 qt., Flame","/images/mirrored/51VRmkcdlzL._AC_SL1000_.jpg","Everyday Carry","/images/mirrored/51VRmkcdlzL._AC_SL1000_.jpg","The Signature Round sits at the top of the enameled cast iron Dutch oven market — a category dominated by Le Creuset itself, with Staub as the only serious rival at this price tier and Lodge and Tramontina competing two rungs below. $0.00. Tap for full review and where to buy. #gadgetstyle #techfinds #coolgadgets #orangevibestoolsandtoys #toolsandtoyspick #pricetbd","https://www.gadgetstyle.com.au/product/le-creuset-enameled-cast-iron-signature-round-dutch-oven-5-5-qt-flame","","gadgetstyle techfinds coolgadgets orangevibestoolsandtoys toolsandtoyspick pricetbd"
"OXWALLEN Packs Stretchy Bands","/images/mirrored/71YYGOi5rmS._AC_SL1500_.jpg","Everyday Carry","/images/mirrored/71YYGOi5rmS._AC_SL1500_.jpg","Stretchy retention bands occupy a narrow but genuinely useful slice of the EDC accessories market — the kind of product that sounds trivial until the fourth time your notebook, field wallet, or folding knife rattles loose in a bag. $0.00. Tap for full review and where to buy. #gadgetstyle #techfinds #coolgadgets #oxwallen #orangevibestoolsandtoys #toolsandtoyspick","https://www.gadgetstyle.com.au/product/oxwallen-packs-stretchy-bands","","gadgetstyle techfinds coolgadgets oxwallen orangevibestoolsandtoys toolsandtoyspick"
"Recycled Firefighter Sergeant Slim Wallet for Men & Women – Minimalist Front Pocket Wallet…","/images/mirrored/IMG_5287.jpeg","Outdoor & Adventure Tech","/images/mirrored/IMG_5287.jpeg","The Sergeant Slim sits in the increasingly crowded minimalist wallet segment, competing directly with Ridge Wallet's aluminum lineup, Ekster's trackable cardholders, and Distil Union's Wally series. $0.00. Tap for full review and where to buy. #gadgetstyle #techfinds #coolgadgets #outdoorgear #adventuretech #hikinggear #recycledfirefighter #orangevibestoolsandtoys #toolsandtoyspick","https://www.gadgetstyle.com.au/product/recycled-firefighter-sergeant-slim-wallet-for-men-women-minimalist-front-pocket-","","gadgetstyle techfinds coolgadgets outdoorgear adventuretech hikinggear recycledfirefighter orangevibestoolsandtoys toolsandtoyspick"
"Eagle Creek","/images/mirrored/719c49klv_L._AC_SL1200_.jpg","Everyday Carry","/images/mirrored/719c49klv_L._AC_SL1200_.jpg","The information provided here is too sparse to write a responsible product description for a tech-savvy audience. $0.00. Tap for full review and where to buy. #gadgetstyle #techfinds #coolgadgets #eaglecreek #orangevibestoolsandtoys #toolsandtoyspick","https://www.gadgetstyle.com.au/product/eagle-creek","","gadgetstyle techfinds coolgadgets eaglecreek orangevibestoolsandtoys toolsandtoyspick"
"S.O.L. Survive Outdoors Longer Fire Lite Fuel Free Rechargeable Lighter","/images/mirrored/81dP8KTn1cL._AC_SL1500_.jpg","Everyday Carry","/images/mirrored/81dP8KTn1cL._AC_SL1500_.jpg","Plasma arc lighters have carved out a genuine niche in the EDC and outdoor carry space, displacing butane in situations where altitude, cold, and wind make fluid-fuel lighters unreliable. $0.00. Tap for full review and where to buy. #gadgetstyle #techfinds #coolgadgets #solsurviveoutdoorslonger #orangevibestoolsandtoys #toolsandtoyspick","https://www.gadgetstyle.com.au/product/s-o-l-survive-outdoors-longer-fire-lite-fuel-free-rechargeable-lighter","","gadgetstyle techfinds coolgadgets solsurviveoutdoorslonger orangevibestoolsandtoys toolsandtoyspick"
"Arborwear Men's Double Thick Pullover Sweatshirt","/images/mirrored/61En3RvWYdL._AC_SL1500_.jpg","Everyday Carry","/images/mirrored/61En3RvWYdL._AC_SL1500_.jpg","The Double Thick Pullover occupies a specific niche within the workwear-adjacent fleece category — not a fashion-forward crewneck, not a technical midlayer, but a purpose-built job-site pullover designed around material mass rather than weight savings. $0.00. Tap for full review and where to buy. #gadgetstyle #techfinds #coolgadgets #arborwear #orangevibestoolsandtoys #toolsandtoyspick","https://www.gadgetstyle.com.au/product/arborwear-mens-double-thick-pullover-sweatshirt","","gadgetstyle techfinds coolgadgets arborwear orangevibestoolsandtoys toolsandtoyspick"
"Pelican 1150 Camera Case","/images/mirrored/81Fq4rZ-ewL._AC_SL1500_.jpg","Everyday Carry","/images/mirrored/81Fq4rZ-ewL._AC_SL1500_.jpg","The 1150 sits at the entry point of Pelican's small-format hard case lineup, competing directly with the Nanuk 903, SKB iSeries 0907, and Pelican's own 1120 one step below it. $0.00. Tap for full review and where to buy. #gadgetstyle #techfinds #coolgadgets #pelican #orangevibestoolsandtoys #toolsandtoyspick","https://www.gadgetstyle.com.au/product/pelican-1150-camera-case","","gadgetstyle techfinds coolgadgets pelican orangevibestoolsandtoys toolsandtoyspick"
"Pelican Products Inc #1151 Replacement Foam 3 Piece Set for 1150 Protector Case, Grey…","/images/mirrored/51Wipa5IIuL._AC_SL1200_.jpg","Everyday Carry","/images/mirrored/51Wipa5IIuL._AC_SL1200_.jpg","Pelican's replacement foam kit for the 1150 Protector sits in the small-form EDC case accessories segment — a niche but loyal category populated by people who carry precision instruments, optics, small electronics, or sensitive medical gear and need interior protection that matches their exact loadout. $0.00. Tap for full review and where to buy. #gadgetstyle #techfinds #coolgadgets #pelican #orangevibestoolsandtoys #toolsandtoyspick","https://www.gadgetstyle.com.au/product/pelican-products-inc-1151-replacement-foam-3-piece-set-for-1150-protector-case-g","","gadgetstyle techfinds coolgadgets pelican orangevibestoolsandtoys toolsandtoyspick"
"Aulumu A16 for iPhone 16 Pro Magnetic Thermal Case | Updated Camera Control | IMD Technology |…","/images/mirrored/61OH4vCnSHL._AC_SL1500_.jpg","Everyday Carry & Accessories","/images/mirrored/61OH4vCnSHL._AC_SL1500_.jpg","The A16 lands in the crowded premium iPhone 16 Pro case segment — a category split between minimalist MagSafe-compatible slim cases (Pitaka, Nomad, Peak Design) and the more expressive, hardware-forward designs that treat the case itself as an aesthetic object. $0.00. Tap for full review and where to buy. #gadgetstyle #techfinds #coolgadgets #edc #everydaycarry #edctech #aulumu #cyberpunktoolsandtoys #toolsandtoyspick","https://www.gadgetstyle.com.au/product/aulumu-a16-for-iphone-16-pro-magnetic-thermal-case-updated-camera-control-imd-te","","gadgetstyle techfinds coolgadgets edc everydaycarry edctech aulumu cyberpunktoolsandtoys toolsandtoyspick"
"WC PadZ - The Ultimate Upgraded Earpads by Wicked Cushions - Compatible with Audio Technica…","/images/mirrored/91qb6Bth4nL._AC_SL1500_.jpg","Audio & Sound","/images/mirrored/91qb6Bth4nL._AC_SL1500_.jpg","Aftermarket earpads occupy a surprisingly consequential niche in the headphone accessory market — the foam and leather between your ears and the driver housing directly affects clamping force perception, sound staging, and long-session fatigue more than most people expect. $0.00. Tap for full review and where to buy. #gadgetstyle #techfinds #coolgadgets #audiophile #headphones #wirelessaudio #wc #cyberpunktoolsandtoys #toolsandtoyspick","https://www.gadgetstyle.com.au/product/wc-padz-the-ultimate-upgraded-earpads-by-wicked-cushions-compatible-with-audio-t","","gadgetstyle techfinds coolgadgets audiophile headphones wirelessaudio wc cyberpunktoolsandtoys toolsandtoyspick"
"TG Plasma Lighter Windproof Waterproof USB Rechargeable Flameless Dual Arc for EDC Camping…","/images/mirrored/51doE2w5TQL._AC_SL1001_.jpg","Outdoor & Adventure Tech","/images/mirrored/51doE2w5TQL._AC_SL1001_.jpg","Dual-arc plasma lighters occupy a specific niche between disposable butane and high-end torch lighters — they're the choice when reliability in adverse conditions matters more than flame temperature or burn time. $0.00. Tap for full review and where to buy. #gadgetstyle #techfinds #coolgadgets #outdoorgear #adventuretech #hikinggear #tg #cyberpunktoolsandtoys #toolsandtoyspick","https://www.gadgetstyle.com.au/product/tg-plasma-lighter-windproof-waterproof-usb-rechargeable-flameless-dual-arc-for-e","","gadgetstyle techfinds coolgadgets outdoorgear adventuretech hikinggear tg cyberpunktoolsandtoys toolsandtoyspick"
"SPIGEN Ultra Hybrid Zero One (MagFit) Case Designed for Apple AirPods Pro 2 (2022) MagSafe…","/images/mirrored/61caHkf5i6L._AC_SL1200_.jpg","Everyday Carry & Accessories","/images/mirrored/61caHkf5i6L._AC_SL1200_.jpg","The Ultra Hybrid Zero One MagFit sits in the premium AirPods Pro 2 case accessory segment, competing directly with Elago's ST and Spigen's own Tough Armor line. $0.00. Tap for full review and where to buy. #gadgetstyle #techfinds #coolgadgets #edc #everydaycarry #edctech #spigen #cyberpunktoolsandtoys #toolsandtoyspick","https://www.gadgetstyle.com.au/product/spigen-ultra-hybrid-zero-one-magfit-case-designed-for-apple-airpods-pro-2-2022-m","","gadgetstyle techfinds coolgadgets edc everydaycarry edctech spigen cyberpunktoolsandtoys toolsandtoyspick"
"Arlo (VMC3040-100NAS) Q – Wired, 1080p HD Security Camera | Night Vision, Indoor Only, 2-Way…","/images/mirrored/61i7_0qC23L._AC_SL1350_.jpg","Audio & Sound","/images/mirrored/61i7_0qC23L._AC_SL1350_.jpg","The Arlo Q sits in the wired indoor security camera segment — a category defined by a handful of strong incumbents like the Wyze Cam v4, eufy Indoor Cam E220, and Google Nest Cam (wired). $0.00. Tap for full review and where to buy. #gadgetstyle #techfinds #coolgadgets #audiophile #headphones #wirelessaudio #arlo #afewgreatsalestoolsandtoys #toolsandtoyspick","https://www.gadgetstyle.com.au/product/arlo-vmc3040-100nas-q-wired-1080p-hd-security-camera-night-vision-indoor-only-2-","","gadgetstyle techfinds coolgadgets audiophile headphones wirelessaudio arlo afewgreatsalestoolsandtoys toolsandtoyspick"
"NETGEAR Nighthawk Smart Wi-Fi Router, R6700 - AC1750 Wireless Speed Up to 1750 Mbps | Up to…","/images/mirrored/61JBRBWL91L._AC_SL1500_.jpg","Everyday Carry","/images/mirrored/61JBRBWL91L._AC_SL1500_.jpg","The R6700 sits in the mid-range AC-era dual-band router segment, competing with the TP-Link Archer A7 and ASUS RT-AC66U B1 rather than anything in the Wi-Fi 6 or Wi-Fi 6E tier. $0.00. Tap for full review and where to buy. #gadgetstyle #techfinds #coolgadgets #netgear #afewgreatsalestoolsandtoys #toolsandtoyspick","https://www.gadgetstyle.com.au/product/netgear-nighthawk-smart-wi-fi-router-r6700-ac1750-wireless-speed-up-to-1750-mbps","","gadgetstyle techfinds coolgadgets netgear afewgreatsalestoolsandtoys toolsandtoyspick"
"Refurbished Roku Premiere+ Streaming Player","/images/mirrored/51dzwByjK-L._SL1500_.jpg","Everyday Carry","/images/mirrored/51dzwByjK-L._SL1500_.jpg","The Roku Premiere+ sits in the mid-tier of the 4K HDR streaming dongle and box market, competing directly with the Amazon Fire TV Stick 4K and the Google Chromecast with Google TV. $0.00. Tap for full review and where to buy. #gadgetstyle #techfinds #coolgadgets #afewgreatsalestoolsandtoys #toolsandtoyspick #pricetbd","https://www.gadgetstyle.com.au/product/refurbished-roku-premiere-streaming-player","","gadgetstyle techfinds coolgadgets afewgreatsalestoolsandtoys toolsandtoyspick pricetbd"
"uni-ball Jetstream Retractable Ball Point Pens,0.7mm, Black Ink, 3-Count","/images/mirrored/71v7K5RdcnL._AC_SL1500_.jpg","Everyday Carry","/images/mirrored/71v7K5RdcnL._AC_SL1500_.jpg","The Jetstream sits at the top of the retractable ballpoint category — a format that sounds mundane until you've used a pen that actually performs in it. $0.00. Tap for full review and where to buy. #gadgetstyle #techfinds #coolgadgets #uniball #afewgreatsalestoolsandtoys #toolsandtoyspick","https://www.gadgetstyle.com.au/product/uni-ball-jetstream-retractable-ball-point-pens-0-7mm-black-ink-3-count","","gadgetstyle techfinds coolgadgets uniball afewgreatsalestoolsandtoys toolsandtoyspick"
"Twelve South HiRise 2 for iPhone/iPad, Black | Adjustable Charging Stand, Requires Apple…","/images/mirrored/51xmUnX9MSL._AC_SL1000_.jpg","Everyday Carry","/images/mirrored/51xmUnX9MSL._AC_SL1000_.jpg","The HiRise 2 occupies the passive Lightning dock segment — a category that sounds simple until you've watched cheaper alternatives skid across a desk every time you pull your phone one-handed. $0.00. Tap for full review and where to buy. #gadgetstyle #techfinds #coolgadgets #twelvesouth #afewgreatsalestoolsandtoys #toolsandtoyspick","https://www.gadgetstyle.com.au/product/twelve-south-hirise-2-for-iphone-ipad-black-adjustable-charging-stand-requires-a","","gadgetstyle techfinds coolgadgets twelvesouth afewgreatsalestoolsandtoys toolsandtoyspick"
"Jackery Bolt 6000 mAh Battery","/images/mirrored/81ChuoC13ZL._SL1500_.jpg","Everyday Carry","/images/mirrored/81ChuoC13ZL._SL1500_.jpg","The Jackery Bolt sits in the crowded sub-10,000 mAh pocket power bank segment, a category defined by the tension between capacity and pocketability. $0.00. Tap for full review and where to buy. #gadgetstyle #techfinds #coolgadgets #afewgreatsalestoolsandtoys #toolsandtoyspick #pricetbd","https://www.gadgetstyle.com.au/product/jackery-bolt-6000-mah-battery","","gadgetstyle techfinds coolgadgets afewgreatsalestoolsandtoys toolsandtoyspick pricetbd"
"LG C7 65-inch OLED TV","/images/mirrored/81ChuoC13ZL._SL1500_.jpg","Everyday Carry","/images/mirrored/81ChuoC13ZL._SL1500_.jpg","The C7 sits at an interesting intersection: it's a 65-inch OLED panel in a product slot tagged as ""Everyday Carry,"" which is either a filing error or a deliberate provocation. $0.00. Tap for full review and where to buy. #gadgetstyle #techfinds #coolgadgets #afewgreatsalestoolsandtoys #toolsandtoyspick #pricetbd","https://www.gadgetstyle.com.au/product/lg-c7-65-inch-oled-tv","","gadgetstyle techfinds coolgadgets afewgreatsalestoolsandtoys toolsandtoyspick pricetbd"
"LG C7 55-inch OLED TV","/images/mirrored/81ChuoC13ZL._SL1500_.jpg","Everyday Carry","/images/mirrored/81ChuoC13ZL._SL1500_.jpg","The LG C7 is a 2017-generation OLED TV, which puts it in a peculiar position to evaluate now: it was the benchmark panel for its year, competing directly against Samsung's QLED push and Sony's A1E, and it largely won that argument on contrast and motion handling. $0.00. Tap for full review and where to buy. #gadgetstyle #techfinds #coolgadgets #afewgreatsalestoolsandtoys #toolsandtoyspick #pricetbd","https://www.gadgetstyle.com.au/product/lg-c7-55-inch-oled-tv","","gadgetstyle techfinds coolgadgets afewgreatsalestoolsandtoys toolsandtoyspick pricetbd"
"Technivorm Moccamaster 69211 Cup One, One-Cup Coffee Maker 10 Ounce, Off-White","/images/mirrored/61UpPF1zkcL._AC_SL1500_.jpg","Everyday Carry","/images/mirrored/61UpPF1zkcL._AC_SL1500_.jpg","The Moccamaster Cup One sits at the premium end of the single-serve drip segment — not competing with Nespresso capsule machines or Keurig pod systems, but specifically targeting the specialty-coffee crowd who wants a filter-brew experience without scaling up to a full carafe brewer. $0.00. Tap for full review and where to buy. #gadgetstyle #techfinds #coolgadgets #fathersday2024giftguidetoolsand #toolsandtoyspick #pricetbd","https://www.gadgetstyle.com.au/product/technivorm-moccamaster-69211-cup-one-one-cup-coffee-maker-10-ounce-off-white","","gadgetstyle techfinds coolgadgets fathersday2024giftguidetoolsand toolsandtoyspick pricetbd"
"Bulova Men's Classic Sutton 4-Hand Automatic Watch, 24-Hour Sub Dial, Open Aperture…","/images/mirrored/71hjlG9JrAL._AC_SL1500_.jpg","Wearables & Fitness","/images/mirrored/71hjlG9JrAL._AC_SL1500_.jpg","The Sutton sits in Bulova's entry-to-mid-tier mechanical watch segment, competing directly with Seiko's SRPE and SNK lines, Orient's Bambino and Mako families, and the lower end of Tissot's T-Classic range. $0.00. Tap for full review and where to buy. #gadgetstyle #techfinds #coolgadgets #wearabletech #fitnesstracker #smartwatch #bulova #fathersday2024giftguidetoolsand #toolsandtoyspick","https://www.gadgetstyle.com.au/product/bulova-mens-classic-sutton-4-hand-automatic-watch-24-hour-sub-dial-open-aperture","","gadgetstyle techfinds coolgadgets wearabletech fitnesstracker smartwatch bulova fathersday2024giftguidetoolsand toolsandtoyspick"
"Best Choice Products Folding Zero Gravity Outdoor Recliner Patio Lounge Chair w/Adjustable…","/images/mirrored/81Txm1HOGkL._AC_SL1500_.jpg","Outdoor & Adventure Tech","/images/mirrored/81Txm1HOGkL._AC_SL1500_.jpg","The zero-gravity recliner category sits between basic folding lawn chairs and premium powered loungers like the Timber Ridge or Caravan Sports equivalents. $0.00. Tap for full review and where to buy. #gadgetstyle #techfinds #coolgadgets #outdoorgear #adventuretech #hikinggear #fathersday2024giftguidetoolsand #toolsandtoyspick #pricetbd","https://www.gadgetstyle.com.au/product/best-choice-products-folding-zero-gravity-outdoor-recliner-patio-lounge-chair-w-","","gadgetstyle techfinds coolgadgets outdoorgear adventuretech hikinggear fathersday2024giftguidetoolsand toolsandtoyspick pricetbd"
"novium Hoverpen Interstellar Edition - Futuristic Luxury Pen Made With Aerospace Alloys…","/images/mirrored/61bLcyrITDL._AC_SL1500_.jpg","Everyday Carry & Accessories","/images/mirrored/61bLcyrITDL._AC_SL1500_.jpg","The Hoverpen Interstellar Edition occupies a specific and narrow niche: it's a desk object first, writing instrument second. $0.00. Tap for full review and where to buy. #gadgetstyle #techfinds #coolgadgets #edc #everydaycarry #edctech #novium #fathersday2024giftguidetoolsand #toolsandtoyspick","https://www.gadgetstyle.com.au/product/novium-hoverpen-interstellar-edition-futuristic-luxury-pen-made-with-aerospace-a","","gadgetstyle techfinds coolgadgets edc everydaycarry edctech novium fathersday2024giftguidetoolsand toolsandtoyspick"
"All-Clad 59917 Stainless Steel Measuring Cups Cookware Set, 5-Piece, Silver","/images/mirrored/714_WlA6IXL._AC_SL1500_.jpg","Everyday Carry","/images/mirrored/714_WlA6IXL._AC_SL1500_.jpg","The 59917 five-piece set lands in the dry measuring cup segment, which is a category that mostly sells on feel and longevity rather than innovation. $0.00. Tap for full review and where to buy. #gadgetstyle #techfinds #coolgadgets #allclad #fathersday2024giftguidetoolsand #toolsandtoyspick","https://www.gadgetstyle.com.au/product/all-clad-59917-stainless-steel-measuring-cups-cookware-set-5-piece-silver","","gadgetstyle techfinds coolgadgets allclad fathersday2024giftguidetoolsand toolsandtoyspick"
"Tetris Waffle Maker - Create Deliciously Fun and Geeky Tetrimino Waffles at Home! Makes…","/images/mirrored/51rgXBVoijL._AC_SL1280_.jpg","Everyday Carry","/images/mirrored/51rgXBVoijL._AC_SL1280_.jpg","The Tetris Waffle Maker occupies a specific corner of the novelty kitchen appliance market — not the utilitarian Belgian waffle iron crowd (Cuisinart, Breville), and not quite the character waffle makers aimed purely at toddlers. $0.00. Tap for full review and where to buy. #gadgetstyle #techfinds #coolgadgets #fizzcreations #fathersday2024giftguidetoolsand #toolsandtoyspick","https://www.gadgetstyle.com.au/product/tetris-waffle-maker-create-deliciously-fun-and-geeky-tetrimino-waffles-at-home-m","","gadgetstyle techfinds coolgadgets fizzcreations fathersday2024giftguidetoolsand toolsandtoyspick"